sensor_id,timestamp,soil_moisture,soil_ph,air_temp,humidity,irrigation_ml,fertilizer_kg,yield_ton_per_ha
sensor_1,2025-05-30 15:42:26.238561,22.48,5.98,19.3,77.62,190.63,1.93,0.2874
sensor_1,2025-05-31 15:42:26.238561,25.17,5.93,19.48,67.66,181.37,0.273,0.0881
sensor_1,2025-06-01 15:42:26.238561,14.04,5.92,16.77,71.48,163.68,0.0,0.1931
sensor_1,2025-06-02 15:42:26.238561,22.86,6.01,16.35,67.06,204.44,0.0,0.1943
sensor_1,2025-06-03 15:42:26.238561,22.31,5.95,18.39,78.88,199.46,0.0,0.209
sensor_1,2025-06-04 15:42:26.238561,20.53,6.03,16.06,62.76,207.87,0.422,0.1828
sensor_1,2025-06-05 15:42:26.238561,27.37,5.95,17.41,65.54,181.57,0.517,0.2186
sensor_1,2025-06-06 15:42:26.238561,20.43,6.04,19.97,65.45,224.47,0.509,0.2249
sensor_1,2025-06-07 15:42:26.238561,26.34,5.95,21.78,73.35,180.83,0.144,0.1332
sensor_1,2025-06-08 15:42:26.238561,25.84,6.11,24.19,67.72,240.14,0.308,0.1762
sensor_1,2025-06-09 15:42:26.238561,34.89,6.22,21.76,75.46,0.0,0.447,0.2454
sensor_1,2025-06-10 15:42:26.238561,32.85,6.0,18.21,66.04,64.28,0.643,0.1977
sensor_1,2025-06-11 15:42:26.238561,31.53,5.91,24.35,68.25,28.81,0.354,0.2053
sensor_1,2025-06-12 15:42:26.238561,41.64,5.88,22.19,64.07,0.0,0.289,0.2573
sensor_1,2025-06-13 15:42:26.238561,38.02,5.95,20.32,63.31,36.29,0.0,0.2213
sensor_1,2025-06-14 15:42:26.238561,41.2,6.26,23.8,66.05,47.02,0.0,0.2702
sensor_1,2025-06-15 15:42:26.238561,40.64,6.34,23.35,65.57,48.61,0.0,0.3327
sensor_1,2025-06-16 15:42:26.238561,45.23,6.09,22.19,70.34,0.0,0.376,0.3904
sensor_1,2025-06-17 15:42:26.238561,37.63,5.88,24.47,60.04,0.0,0.221,0.1701
sensor_1,2025-06-18 15:42:26.238561,46.04,5.83,27.61,57.83,37.12,0.444,0.2074
sensor_1,2025-06-19 15:42:26.238561,45.87,6.16,21.52,61.82,60.4,0.435,0.2348
sensor_1,2025-06-20 15:42:26.238561,39.17,6.03,25.53,61.28,63.86,0.0,0.2566
sensor_1,2025-06-21 15:42:26.238561,48.24,5.85,28.86,61.48,2.35,0.397,0.2283
sensor_1,2025-06-22 15:42:26.238561,51.68,6.12,23.66,62.99,66.51,0.447,0.4186
sensor_1,2025-06-23 15:42:26.238561,47.47,5.83,23.68,53.13,46.92,0.302,0.2883
sensor_1,2025-06-24 15:42:26.238561,53.74,5.94,28.5,54.89,158.81,0.388,0.2848
sensor_1,2025-06-25 15:42:26.238561,45.13,6.01,25.26,58.76,68.93,0.178,0.2343
sensor_1,2025-06-26 15:42:26.238561,43.76,5.86,27.52,55.21,0.17,0.252,0.2721
sensor_1,2025-06-27 15:42:26.238561,47.73,5.95,26.0,47.36,64.31,0.368,0.3423
sensor_1,2025-06-28 15:42:26.238561,58.19,5.71,24.07,54.56,70.55,0.355,0.5147
sensor_1,2025-06-29 15:42:26.238561,56.51,6.08,27.89,54.13,37.39,2.228,0.3389
sensor_1,2025-06-30 15:42:26.238561,53.18,5.83,26.16,61.32,0.0,0.406,0.2201
sensor_1,2025-07-01 15:42:26.238561,52.66,6.06,26.13,43.21,21.39,0.404,0.2822
sensor_1,2025-07-02 15:42:26.238561,56.73,5.9,24.67,58.16,75.36,0.0,0.3327
sensor_1,2025-07-03 15:42:26.238561,52.92,6.02,24.35,45.7,70.2,0.46,0.2622
sensor_1,2025-07-04 15:42:26.238561,55.11,5.81,24.57,53.93,66.2,0.0,0.3529
sensor_1,2025-07-05 15:42:26.238561,60.0,6.03,22.75,41.49,100.68,0.0,0.3747
sensor_1,2025-07-06 15:42:26.238561,60.0,5.73,25.57,26.51,9.02,0.124,0.2594
sensor_1,2025-07-07 15:42:26.238561,60.0,5.65,24.69,42.18,107.65,0.0,0.3808
sensor_1,2025-07-08 15:42:26.238561,58.59,5.71,26.36,41.32,25.99,0.221,0.2974
sensor_1,2025-07-09 15:42:26.238561,59.45,5.95,28.45,32.93,135.32,0.0,0.339
sensor_1,2025-07-10 15:42:26.238561,60.0,5.88,23.85,36.88,30.28,0.023,0.3766
sensor_1,2025-07-11 15:42:26.238561,60.0,5.73,26.7,38.27,82.51,0.389,0.293
sensor_1,2025-07-12 15:42:26.238561,56.82,5.94,25.92,35.44,54.69,0.583,0.3067
sensor_1,2025-07-13 15:42:26.238561,60.0,5.79,24.03,39.85,83.02,0.444,0.4055
sensor_1,2025-07-14 15:42:26.238561,60.0,5.91,23.6,34.8,44.79,0.229,0.3719
sensor_1,2025-07-15 15:42:26.238561,55.88,6.12,21.95,25.95,96.32,0.437,0.3783
sensor_1,2025-07-16 15:42:26.238561,60.0,5.79,21.9,31.25,22.91,0.493,0.3282
sensor_1,2025-07-17 15:42:26.238561,55.86,5.74,24.23,26.92,17.11,0.273,0.3178
sensor_1,2025-07-18 15:42:26.238561,57.39,5.71,23.57,21.38,0.0,0.0,0.2929
sensor_1,2025-07-19 15:42:26.238561,60.0,5.99,24.5,26.72,49.24,0.0,0.3433
sensor_1,2025-07-20 15:42:26.238561,58.22,5.81,20.81,29.03,111.31,0.167,0.3505
sensor_1,2025-07-21 15:42:26.238561,60.0,5.69,22.57,25.44,53.91,0.0,0.3221
sensor_1,2025-07-22 15:42:26.238561,60.0,5.96,23.69,35.11,19.31,0.462,0.3573
sensor_1,2025-07-23 15:42:26.238561,60.0,5.61,19.74,20.33,0.0,0.042,0.272
sensor_1,2025-07-24 15:42:26.238561,59.38,5.78,24.81,27.1,26.92,0.0,0.3464
sensor_1,2025-07-25 15:42:26.238561,51.66,5.99,23.04,19.04,0.0,0.606,0.3041
sensor_1,2025-07-26 15:42:26.238561,60.0,5.47,19.1,20.49,51.88,0.065,0.3352
sensor_1,2025-07-27 15:42:26.238561,52.06,5.68,20.15,22.14,78.46,0.0,0.2057
sensor_1,2025-07-28 15:42:26.238561,60.0,5.74,18.03,26.46,54.63,0.554,0.3391
sensor_1,2025-07-29 15:42:26.238561,60.0,5.94,18.63,22.74,75.82,2.411,0.3431
sensor_1,2025-07-30 15:42:26.238561,59.23,5.83,15.21,11.17,0.0,0.119,0.3608
sensor_1,2025-07-31 15:42:26.238561,60.0,5.67,21.59,10.0,0.0,0.183,0.3368
sensor_1,2025-08-01 15:42:26.238561,54.36,5.34,17.75,10.0,76.79,0.31,0.2261
sensor_1,2025-08-02 15:42:26.238561,51.27,5.48,17.41,19.71,10.57,0.351,0.2367
sensor_1,2025-08-03 15:42:26.238561,49.14,5.62,15.06,11.53,2.08,0.789,0.2729
sensor_1,2025-08-04 15:42:26.238561,48.84,5.66,16.51,12.59,74.57,0.427,0.2462
sensor_1,2025-08-05 15:42:26.238561,48.66,5.57,11.74,10.0,104.67,0.693,0.261
sensor_1,2025-08-06 15:42:26.238561,53.58,5.65,22.11,18.22,44.88,0.0,0.2042
sensor_1,2025-08-07 15:42:26.238561,50.85,5.48,12.73,10.0,6.74,0.706,0.3116
sensor_1,2025-08-08 15:42:26.238561,48.88,5.81,15.35,10.0,110.92,0.362,0.2354
sensor_1,2025-08-09 15:42:26.238561,47.03,5.44,12.06,15.98,126.38,0.0,0.2715
sensor_1,2025-08-10 15:42:26.238561,43.77,5.49,13.28,10.0,51.94,0.0,0.2369
sensor_1,2025-08-11 15:42:26.238561,45.77,5.52,12.29,10.0,80.22,0.35,0.1966
sensor_1,2025-08-12 15:42:26.238561,45.49,5.66,10.42,13.21,23.5,0.371,0.2117
sensor_1,2025-08-13 15:42:26.238561,34.91,5.29,13.52,11.6,13.83,0.392,0.084
sensor_1,2025-08-14 15:42:26.238561,42.53,5.34,11.8,10.39,15.58,0.085,0.2537
sensor_1,2025-08-15 15:42:26.238561,38.87,5.64,10.54,12.71,107.66,0.0,0.1765
sensor_1,2025-08-16 15:42:26.238561,43.51,5.47,13.24,10.0,53.46,0.153,0.2823
sensor_1,2025-08-17 15:42:26.238561,40.74,5.55,11.39,10.0,32.7,0.318,0.196
sensor_1,2025-08-18 15:42:26.238561,39.74,5.8,13.69,10.0,98.05,0.078,0.1319
sensor_1,2025-08-19 15:42:26.238561,32.05,5.19,10.99,10.24,117.06,0.298,0.1426
sensor_1,2025-08-20 15:42:26.238561,40.03,5.13,11.93,14.14,0.0,0.543,0.1986
sensor_1,2025-08-21 15:42:26.238561,32.57,5.55,15.77,11.39,59.93,0.062,0.1316
sensor_1,2025-08-22 15:42:26.238561,37.55,5.32,11.17,10.0,69.16,0.3,0.2379
sensor_1,2025-08-23 15:42:26.238561,29.59,5.4,8.88,10.0,215.09,0.427,0.1235
sensor_1,2025-08-24 15:42:26.238561,35.21,5.63,11.5,20.71,19.05,0.0,0.0993
sensor_1,2025-08-25 15:42:26.238561,37.05,5.51,10.41,13.1,4.98,0.934,0.212
sensor_1,2025-08-26 15:42:26.238561,28.82,5.51,11.35,13.24,168.38,0.341,0.263
sensor_1,2025-08-27 15:42:26.238561,33.69,5.64,9.25,10.0,44.97,0.217,0.2428
sensor_1,2025-08-28 15:42:26.238561,17.18,5.62,9.86,10.96,159.52,1.504,0.1824
sensor_1,2025-08-29 15:42:26.238561,24.69,5.18,7.52,11.97,266.76,0.122,0.0521
sensor_1,2025-08-30 15:42:26.238561,21.77,5.33,5.0,13.97,190.76,0.409,0.2146
sensor_1,2025-08-31 15:42:26.238561,27.3,5.32,7.8,27.75,202.37,0.204,0.145
sensor_1,2025-09-01 15:42:26.238561,21.32,5.33,8.85,12.82,198.69,0.037,0.0777
sensor_1,2025-09-02 15:42:26.238561,19.53,5.3,13.01,10.0,243.66,0.574,0.0138
sensor_1,2025-09-03 15:42:26.238561,15.95,5.27,7.22,13.13,155.58,0.726,0.1385
sensor_1,2025-09-04 15:42:26.238561,22.69,5.43,7.82,15.19,219.57,0.0,0.1653
sensor_1,2025-09-05 15:42:26.238561,13.81,5.25,11.56,20.86,185.56,0.548,0.0248
sensor_1,2025-09-06 15:42:26.238561,16.77,5.39,9.61,21.13,149.96,0.477,0.0903
sensor_1,2025-09-07 15:42:26.238561,9.76,5.45,8.92,13.35,137.73,0.382,0.0021
sensor_1,2025-09-08 15:42:26.238561,19.85,4.97,13.84,22.37,196.13,0.037,0.0972
sensor_1,2025-09-09 15:42:26.238561,9.59,5.44,10.82,23.02,185.46,0.183,0.0807
sensor_1,2025-09-10 15:42:26.238561,5.0,5.06,12.24,24.1,192.64,0.206,0.0308
sensor_1,2025-09-11 15:42:26.238561,5.0,5.14,11.32,19.37,216.33,0.0,0.0693
sensor_1,2025-09-12 15:42:26.238561,8.33,5.29,13.09,33.62,240.57,0.0,-0.0154
sensor_1,2025-09-13 15:42:26.238561,5.0,5.24,12.38,22.72,207.47,0.0,-0.0054
sensor_1,2025-09-14 15:42:26.238561,5.0,5.09,8.87,22.55,242.15,0.0,0.1482
sensor_1,2025-09-15 15:42:26.238561,5.0,5.25,10.1,32.03,176.97,0.237,0.1554
sensor_1,2025-09-16 15:42:26.238561,5.0,5.39,10.67,29.47,270.83,0.012,0.1338
sensor_1,2025-09-17 15:42:26.238561,5.0,5.12,13.62,35.64,224.87,0.0,-0.0192
sensor_1,2025-09-18 15:42:26.238561,5.0,5.19,13.89,32.82,146.59,0.314,0.0514
sensor_1,2025-09-19 15:42:26.238561,5.0,5.35,14.62,35.39,197.19,0.0,0.0544
sensor_1,2025-09-20 15:42:26.238561,5.0,5.22,10.71,28.86,242.13,0.188,0.0649
sensor_1,2025-09-21 15:42:26.238561,5.0,5.18,15.47,32.87,203.84,0.061,-0.0008
sensor_1,2025-09-22 15:42:26.238561,5.0,5.2,12.98,42.91,164.22,0.144,-0.0017
sensor_1,2025-09-23 15:42:26.238561,5.0,5.19,16.35,30.4,210.68,0.467,0.0346
sensor_1,2025-09-24 15:42:26.238561,5.0,5.07,17.46,50.52,185.49,0.066,0.0835
sensor_1,2025-09-25 15:42:26.238561,5.0,5.07,14.17,38.82,146.22,0.0,-0.0453
sensor_1,2025-09-26 15:42:26.238561,5.0,5.13,15.85,49.18,160.07,0.495,0.0108
sensor_1,2025-09-27 15:42:26.238561,5.0,5.23,13.52,44.54,206.66,2.148,0.0817
sensor_1,2025-09-28 15:42:26.238561,5.0,5.03,15.09,40.7,177.78,0.009,0.0647
sensor_1,2025-09-29 15:42:26.238561,5.0,5.03,14.88,47.36,177.91,0.39,0.0233
sensor_1,2025-09-30 15:42:26.238561,5.0,5.34,20.53,43.12,184.49,0.286,0.0534
sensor_1,2025-10-01 15:42:26.238561,5.0,5.41,16.98,43.36,144.83,0.0,0.0304
sensor_1,2025-10-02 15:42:26.238561,5.0,5.02,18.18,48.43,247.54,0.958,0.0041
sensor_1,2025-10-03 15:42:26.238561,5.0,5.25,19.5,58.89,223.36,0.092,0.0587
sensor_1,2025-10-04 15:42:26.238561,5.0,5.21,19.55,56.11,246.77,0.615,0.0713
sensor_1,2025-10-05 15:42:26.238561,5.0,5.1,21.35,47.81,214.75,0.082,0.0179
sensor_1,2025-10-06 15:42:26.238561,5.0,5.11,19.42,46.19,229.85,0.394,0.1325
sensor_1,2025-10-07 15:42:26.238561,5.0,5.1,20.22,61.94,196.19,0.284,0.049
sensor_1,2025-10-08 15:42:26.238561,5.0,5.0,20.5,60.47,158.94,0.24,-0.0294
sensor_1,2025-10-09 15:42:26.238561,5.0,4.83,19.37,58.01,262.62,0.18,-0.0262
sensor_1,2025-10-10 15:42:26.238561,5.0,4.84,16.47,59.33,179.92,0.0,0.0256
sensor_1,2025-10-11 15:42:26.238561,5.0,4.97,18.68,62.46,226.01,0.17,0.1008
sensor_1,2025-10-12 15:42:26.238561,5.0,4.82,20.22,58.81,209.73,0.128,0.0117
sensor_1,2025-10-13 15:42:26.238561,5.0,5.26,21.79,65.54,213.71,0.337,0.0624
sensor_1,2025-10-14 15:42:26.238561,5.0,5.14,24.95,61.82,228.36,0.173,0.0942
sensor_1,2025-10-15 15:42:26.238561,5.0,5.31,22.55,54.53,205.12,0.0,0.072
sensor_1,2025-10-16 15:42:26.238561,5.0,4.97,19.17,60.23,103.04,0.0,0.0306
sensor_1,2025-10-17 15:42:26.238561,5.0,5.09,21.32,63.03,199.86,0.0,0.0876
sensor_1,2025-10-18 15:42:26.238561,5.0,4.99,23.6,65.05,118.33,0.126,-0.0354
sensor_1,2025-10-19 15:42:26.238561,5.0,4.98,27.43,67.91,177.15,0.372,0.0786
sensor_1,2025-10-20 15:42:26.238561,5.0,5.03,22.8,68.86,215.74,0.469,0.05
sensor_1,2025-10-21 15:42:26.238561,5.0,4.94,26.98,66.97,283.01,0.0,0.095
sensor_1,2025-10-22 15:42:26.238561,5.0,4.92,23.62,64.96,216.97,0.357,-0.0215
sensor_1,2025-10-23 15:42:26.238561,5.0,5.33,28.26,69.28,201.52,0.236,0.0672
sensor_1,2025-10-24 15:42:26.238561,5.0,4.97,21.67,69.59,225.89,0.055,0.0851
sensor_1,2025-10-25 15:42:26.238561,5.0,4.79,25.64,73.28,267.36,0.062,0.05
sensor_1,2025-10-26 15:42:26.238561,5.0,4.98,27.12,71.71,136.94,0.643,0.079
sensor_1,2025-10-27 15:42:26.238561,5.0,5.06,26.49,70.11,177.99,1.799,0.0426
sensor_1,2025-10-28 15:42:26.238561,5.0,5.09,24.89,72.98,86.06,0.545,-0.0757
sensor_1,2025-10-29 15:42:26.238561,5.0,4.83,23.15,75.19,181.29,0.304,-0.0064
sensor_1,2025-10-30 15:42:26.238561,5.0,5.01,23.27,74.58,180.25,0.0,-0.0173
sensor_1,2025-10-31 15:42:26.238561,5.0,5.13,25.21,68.03,187.13,0.823,0.0495
sensor_1,2025-11-01 15:42:26.238561,5.0,5.15,26.43,68.6,192.15,0.179,0.0183
sensor_1,2025-11-02 15:42:26.238561,5.0,5.01,27.45,69.57,203.15,0.0,0.0518
sensor_1,2025-11-03 15:42:26.238561,5.0,5.15,20.21,80.44,194.42,0.532,-0.0249
sensor_1,2025-11-04 15:42:26.238561,5.0,4.84,24.74,79.55,192.37,0.265,0.0404
sensor_1,2025-11-05 15:42:26.238561,5.0,5.02,26.69,81.93,197.7,0.26,0.0643
sensor_1,2025-11-06 15:42:26.238561,5.0,5.18,27.19,64.08,265.34,0.0,0.041
sensor_1,2025-11-07 15:42:26.238561,5.0,4.99,26.5,71.24,216.88,0.684,0.0424
sensor_1,2025-11-08 15:42:26.238561,5.0,5.15,28.14,63.28,223.9,0.41,0.0125
sensor_1,2025-11-09 15:42:26.238561,5.0,4.98,25.9,68.3,200.62,0.0,-0.0685
sensor_1,2025-11-10 15:42:26.238561,5.0,4.88,23.54,58.09,174.44,0.0,0.0748
sensor_1,2025-11-11 15:42:26.238561,5.0,4.9,29.89,73.42,187.01,0.0,0.1105
sensor_1,2025-11-12 15:42:26.238561,5.0,4.76,27.26,80.31,255.37,0.369,0.0285
sensor_1,2025-11-13 15:42:26.238561,5.0,5.12,25.6,68.19,197.5,0.0,0.0006
sensor_1,2025-11-14 15:42:26.238561,5.0,5.0,22.86,61.67,207.2,0.618,0.0638
sensor_1,2025-11-15 15:42:26.238561,5.0,4.87,26.5,61.74,191.01,0.365,-0.0478
sensor_1,2025-11-16 15:42:26.238561,5.0,4.82,23.19,67.68,136.28,0.332,-0.0104
sensor_1,2025-11-17 15:42:26.238561,5.0,5.05,26.87,66.09,182.82,0.237,0.0394
sensor_1,2025-11-18 15:42:26.238561,5.0,5.03,22.47,61.5,143.9,0.725,-0.0461
sensor_1,2025-11-19 15:42:26.238561,5.0,4.92,25.39,62.65,249.91,0.0,0.0173
sensor_1,2025-11-20 15:42:26.238561,5.0,5.35,20.93,64.94,225.35,0.324,0.0328
sensor_1,2025-11-21 15:42:26.238561,5.0,5.04,22.7,67.44,288.42,0.033,-0.0509
sensor_1,2025-11-22 15:42:26.238561,5.0,5.42,21.07,70.01,267.11,0.034,0.0746
sensor_1,2025-11-23 15:42:26.238561,13.19,4.98,21.94,58.06,159.41,0.005,-0.0206
sensor_1,2025-11-24 15:42:26.238561,6.46,4.93,22.48,52.32,213.24,0.45,-0.0829
sensor_1,2025-11-25 15:42:26.238561,9.42,5.23,19.24,67.55,216.76,0.0,0.0445
sensor_2,2025-05-30 15:42:26.238561,56.45,5.95,19.08,65.4,56.77,1.576,0.3499
sensor_2,2025-05-31 15:42:26.238561,49.84,5.82,20.87,75.43,74.37,0.0,0.2667
sensor_2,2025-06-01 15:42:26.238561,60.0,5.95,23.44,71.87,57.68,0.107,0.3506
sensor_2,2025-06-02 15:42:26.238561,54.89,6.03,21.11,65.85,0.0,0.0,0.3422
sensor_2,2025-06-03 15:42:26.238561,50.72,5.6,20.37,82.08,49.76,0.452,0.2793
sensor_2,2025-06-04 15:42:26.238561,56.28,6.05,19.4,70.74,62.87,0.0,0.3813
sensor_2,2025-06-05 15:42:26.238561,56.41,5.79,21.44,64.65,51.13,0.197,0.3689
sensor_2,2025-06-06 15:42:26.238561,60.0,5.9,22.38,75.78,72.31,0.203,0.2775
sensor_2,2025-06-07 15:42:26.238561,52.84,5.85,19.9,67.54,52.27,0.359,0.301
sensor_2,2025-06-08 15:42:26.238561,60.0,5.9,17.53,63.38,44.24,0.0,0.3663
sensor_2,2025-06-09 15:42:26.238561,60.0,6.07,21.41,75.09,55.95,0.099,0.3221
sensor_2,2025-06-10 15:42:26.238561,57.66,5.82,22.52,67.95,50.12,0.331,0.3849
sensor_2,2025-06-11 15:42:26.238561,60.0,5.65,17.41,71.28,0.0,0.133,0.2559
sensor_2,2025-06-12 15:42:26.238561,50.61,5.94,24.36,63.15,0.0,0.036,0.3089
sensor_2,2025-06-13 15:42:26.238561,52.39,5.88,23.12,68.31,54.78,0.0,0.3579
sensor_2,2025-06-14 15:42:26.238561,59.11,5.84,21.59,62.54,14.61,0.148,0.4131
sensor_2,2025-06-15 15:42:26.238561,53.11,5.6,26.68,63.02,23.24,0.512,0.2558
sensor_2,2025-06-16 15:42:26.238561,60.0,5.94,23.03,74.11,25.77,0.423,0.3608
sensor_2,2025-06-17 15:42:26.238561,60.0,6.06,24.33,58.79,68.4,0.0,0.4523
sensor_2,2025-06-18 15:42:26.238561,60.0,5.76,24.88,55.01,11.14,0.56,0.3006
sensor_2,2025-06-19 15:42:26.238561,54.58,5.89,27.1,64.5,89.84,0.0,0.2421
sensor_2,2025-06-20 15:42:26.238561,60.0,5.75,24.44,66.66,72.25,0.337,0.4426
sensor_2,2025-06-21 15:42:26.238561,56.26,5.93,25.24,60.46,111.14,0.352,0.3611
sensor_2,2025-06-22 15:42:26.238561,60.0,5.73,23.62,52.95,0.0,0.817,0.2797
sensor_2,2025-06-23 15:42:26.238561,57.85,5.74,26.07,61.28,84.42,0.025,0.3088
sensor_2,2025-06-24 15:42:26.238561,60.0,5.73,28.81,58.66,79.4,0.399,0.3932
sensor_2,2025-06-25 15:42:26.238561,59.17,5.57,26.51,51.93,28.86,0.376,0.3735
sensor_2,2025-06-26 15:42:26.238561,57.96,5.8,29.21,55.34,154.07,0.37,0.2485
sensor_2,2025-06-27 15:42:26.238561,60.0,5.8,28.46,56.44,44.46,0.0,0.3181
sensor_2,2025-06-28 15:42:26.238561,52.65,5.65,27.12,60.33,65.79,0.0,0.304
sensor_2,2025-06-29 15:42:26.238561,60.0,5.64,25.71,50.94,18.6,2.194,0.3505
sensor_2,2025-06-30 15:42:26.238561,57.89,5.58,25.12,53.36,35.09,0.718,0.2941
sensor_2,2025-07-01 15:42:26.238561,56.31,5.85,23.16,39.8,0.0,0.579,0.2934
sensor_2,2025-07-02 15:42:26.238561,60.0,5.62,26.34,55.16,130.24,0.818,0.399
sensor_2,2025-07-03 15:42:26.238561,58.96,5.78,27.49,43.52,17.27,0.199,0.3143
sensor_2,2025-07-04 15:42:26.238561,50.84,5.79,27.78,45.54,109.1,0.0,0.2783
sensor_2,2025-07-05 15:42:26.238561,48.76,5.39,25.63,43.3,110.54,0.389,0.2028
sensor_2,2025-07-06 15:42:26.238561,60.0,5.85,26.85,41.59,11.62,0.088,0.385
sensor_2,2025-07-07 15:42:26.238561,60.0,5.88,24.59,35.93,55.64,0.0,0.3525
sensor_2,2025-07-08 15:42:26.238561,49.09,5.57,22.24,42.89,28.69,0.0,0.1106
sensor_2,2025-07-09 15:42:26.238561,48.79,5.9,28.6,36.84,25.91,0.341,0.2354
sensor_2,2025-07-10 15:42:26.238561,49.5,5.74,27.55,37.42,41.85,0.0,0.2294
sensor_2,2025-07-11 15:42:26.238561,45.89,5.67,26.73,32.71,109.71,0.119,0.2553
sensor_2,2025-07-12 15:42:26.238561,42.28,5.24,26.46,39.22,38.75,0.22,0.2248
sensor_2,2025-07-13 15:42:26.238561,37.18,5.52,26.06,28.09,61.74,0.0,0.2166
sensor_2,2025-07-14 15:42:26.238561,43.76,5.34,26.55,29.51,17.59,0.26,0.2706
sensor_2,2025-07-15 15:42:26.238561,37.78,5.58,24.82,35.49,57.06,0.09,0.1618
sensor_2,2025-07-16 15:42:26.238561,42.18,5.4,17.85,33.05,86.16,0.0,0.1614
sensor_2,2025-07-17 15:42:26.238561,43.72,5.86,23.45,26.1,42.68,0.612,0.2319
sensor_2,2025-07-18 15:42:26.238561,35.47,5.47,21.2,29.23,114.99,0.297,0.18
sensor_2,2025-07-19 15:42:26.238561,36.83,5.3,24.55,27.13,42.78,1.158,0.2106
sensor_2,2025-07-20 15:42:26.238561,33.34,5.46,24.76,27.0,0.0,0.476,0.1397
sensor_2,2025-07-21 15:42:26.238561,45.25,5.68,21.23,31.78,52.71,0.456,0.2791
sensor_2,2025-07-22 15:42:26.238561,30.42,5.41,23.84,22.67,33.85,0.0,0.1694
sensor_2,2025-07-23 15:42:26.238561,43.71,5.34,21.47,30.39,46.81,0.336,0.1637
sensor_2,2025-07-24 15:42:26.238561,34.28,5.46,23.02,28.28,153.58,0.374,0.2071
sensor_2,2025-07-25 15:42:26.238561,31.83,5.42,21.36,19.91,56.74,0.595,0.1202
sensor_2,2025-07-26 15:42:26.238561,35.27,5.66,20.06,10.0,25.69,0.589,0.2026
sensor_2,2025-07-27 15:42:26.238561,23.27,5.38,21.6,22.3,190.44,0.09,0.108
sensor_2,2025-07-28 15:42:26.238561,22.35,5.69,18.88,24.79,260.85,0.499,0.1413
sensor_2,2025-07-29 15:42:26.238561,27.66,5.43,17.32,19.5,152.84,2.356,0.1721
sensor_2,2025-07-30 15:42:26.238561,25.33,5.47,18.21,20.02,181.0,0.461,0.0841
sensor_2,2025-07-31 15:42:26.238561,23.63,5.71,16.33,12.94,220.56,0.254,0.1793
sensor_2,2025-08-01 15:42:26.238561,24.11,5.5,20.15,17.66,190.35,0.402,0.2427
sensor_2,2025-08-02 15:42:26.238561,19.67,5.25,19.75,14.33,113.09,0.454,0.072
sensor_2,2025-08-03 15:42:26.238561,18.54,5.44,17.52,17.84,182.58,0.354,0.1
sensor_2,2025-08-04 15:42:26.238561,21.36,5.47,14.87,19.13,178.56,0.442,0.1494
sensor_2,2025-08-05 15:42:26.238561,25.53,5.33,15.65,13.04,187.87,0.44,0.0611
sensor_2,2025-08-06 15:42:26.238561,9.74,5.2,17.86,21.18,195.82,0.149,0.0506
sensor_2,2025-08-07 15:42:26.238561,19.5,5.21,16.05,17.03,220.04,0.257,0.1514
sensor_2,2025-08-08 15:42:26.238561,5.0,5.44,13.89,10.0,220.45,0.612,0.0476
sensor_2,2025-08-09 15:42:26.238561,15.84,5.57,17.45,19.55,229.69,0.223,0.0322
sensor_2,2025-08-10 15:42:26.238561,8.55,5.19,18.8,10.14,204.93,0.365,0.0482
sensor_2,2025-08-11 15:42:26.238561,16.97,5.22,14.49,10.0,147.2,0.016,0.0754
sensor_2,2025-08-12 15:42:26.238561,5.08,5.2,10.95,10.08,139.81,0.428,0.0278
sensor_2,2025-08-13 15:42:26.238561,5.0,5.25,11.92,11.9,253.62,0.0,0.0358
sensor_2,2025-08-14 15:42:26.238561,5.0,5.38,13.53,10.0,187.24,0.0,0.0882
sensor_2,2025-08-15 15:42:26.238561,5.0,5.56,12.67,10.0,139.45,0.0,-0.0355
sensor_2,2025-08-16 15:42:26.238561,5.0,5.34,9.34,14.48,180.68,0.244,0.1159
sensor_2,2025-08-17 15:42:26.238561,5.6,5.22,10.43,10.0,171.23,0.137,-0.0242
sensor_2,2025-08-18 15:42:26.238561,5.0,5.26,11.5,10.0,206.75,0.333,-0.0215
sensor_2,2025-08-19 15:42:26.238561,5.86,5.22,11.73,13.69,209.33,0.486,0.0523
sensor_2,2025-08-20 15:42:26.238561,5.0,5.28,9.17,10.83,198.67,0.138,0.024
sensor_2,2025-08-21 15:42:26.238561,5.0,5.14,11.42,11.28,158.89,0.58,-0.0196
sensor_2,2025-08-22 15:42:26.238561,5.0,5.28,9.73,19.59,152.25,0.476,0.082
sensor_2,2025-08-23 15:42:26.238561,5.0,5.41,10.34,12.44,210.41,0.16,0.0829
sensor_2,2025-08-24 15:42:26.238561,5.0,4.94,13.28,10.0,241.3,0.538,-0.0398
sensor_2,2025-08-25 15:42:26.238561,5.0,5.02,10.09,10.16,231.19,0.593,0.0917
sensor_2,2025-08-26 15:42:26.238561,5.0,5.15,7.02,10.0,238.59,0.685,-0.0271
sensor_2,2025-08-27 15:42:26.238561,5.0,5.17,10.83,10.0,216.96,0.058,0.0208
sensor_2,2025-08-28 15:42:26.238561,5.0,5.17,9.31,12.55,196.47,1.889,0.0429
sensor_2,2025-08-29 15:42:26.238561,5.0,5.24,9.51,17.13,186.65,0.552,0.0527
sensor_2,2025-08-30 15:42:26.238561,5.0,5.22,6.91,10.0,152.24,0.243,0.1093
sensor_2,2025-08-31 15:42:26.238561,5.0,5.24,11.02,10.0,178.29,0.0,-0.0089
sensor_2,2025-09-01 15:42:26.238561,5.0,5.07,6.04,19.3,157.09,0.272,0.1152
sensor_2,2025-09-02 15:42:26.238561,5.0,4.75,9.43,21.78,278.33,0.0,0.0178
sensor_2,2025-09-03 15:42:26.238561,5.0,5.11,15.32,10.0,210.15,0.34,0.0758
sensor_2,2025-09-04 15:42:26.238561,5.0,5.16,9.29,19.16,186.27,0.386,0.006
sensor_2,2025-09-05 15:42:26.238561,5.0,5.11,12.39,18.38,129.08,0.579,-0.0272
sensor_2,2025-09-06 15:42:26.238561,5.0,5.02,12.97,10.0,325.51,0.517,0.0403
sensor_2,2025-09-07 15:42:26.238561,5.0,5.14,11.37,23.62,222.22,0.227,0.0133
sensor_2,2025-09-08 15:42:26.238561,5.0,5.06,12.72,24.28,82.38,0.397,0.0161
sensor_2,2025-09-09 15:42:26.238561,5.0,5.03,12.84,27.01,169.08,0.322,-0.0379
sensor_2,2025-09-10 15:42:26.238561,5.0,4.99,12.48,28.02,220.52,0.418,0.0403
sensor_2,2025-09-11 15:42:26.238561,5.0,5.14,12.53,28.03,247.56,0.412,0.0469
sensor_2,2025-09-12 15:42:26.238561,5.0,5.07,9.36,24.48,170.2,0.0,0.0002
sensor_2,2025-09-13 15:42:26.238561,5.0,5.02,7.55,27.42,200.05,0.0,0.0396
sensor_2,2025-09-14 15:42:26.238561,5.0,4.82,10.05,23.58,162.4,0.449,-0.0138
sensor_2,2025-09-15 15:42:26.238561,5.0,4.76,13.09,22.33,202.4,0.283,0.0594
sensor_2,2025-09-16 15:42:26.238561,5.0,4.6,12.45,38.65,249.56,0.263,-0.0414
sensor_2,2025-09-17 15:42:26.238561,5.0,4.9,13.31,33.31,242.41,1.028,0.0416
sensor_2,2025-09-18 15:42:26.238561,5.0,5.04,9.11,28.46,183.63,0.043,0.015
sensor_2,2025-09-19 15:42:26.238561,5.0,5.21,12.95,33.04,186.88,0.247,0.0665
sensor_2,2025-09-20 15:42:26.238561,5.0,4.94,12.66,27.53,167.23,0.057,0.0416
sensor_2,2025-09-21 15:42:26.238561,5.0,5.06,15.3,34.76,215.62,0.169,0.0281
sensor_2,2025-09-22 15:42:26.238561,5.0,4.66,13.67,43.75,237.05,0.49,0.0533
sensor_2,2025-09-23 15:42:26.238561,5.0,5.06,13.05,36.25,224.63,0.561,0.0161
sensor_2,2025-09-24 15:42:26.238561,5.0,5.02,15.84,31.81,108.15,0.035,-0.0627
sensor_2,2025-09-25 15:42:26.238561,5.0,5.0,14.1,47.49,213.07,0.29,0.043
sensor_2,2025-09-26 15:42:26.238561,5.0,5.17,15.23,44.78,157.13,0.0,0.0554
sensor_2,2025-09-27 15:42:26.238561,5.0,4.88,14.03,48.25,152.42,2.493,-0.0046
sensor_2,2025-09-28 15:42:26.238561,5.0,4.96,17.36,41.1,193.49,0.212,-0.0445
sensor_2,2025-09-29 15:42:26.238561,5.0,4.93,16.09,40.03,97.51,0.143,0.1129
sensor_2,2025-09-30 15:42:26.238561,5.0,5.01,16.41,46.3,221.88,0.0,0.0633
sensor_2,2025-10-01 15:42:26.238561,5.0,5.11,18.21,47.45,226.91,0.378,0.0067
sensor_2,2025-10-02 15:42:26.238561,5.0,5.02,20.83,42.31,141.3,0.249,0.0083
sensor_2,2025-10-03 15:42:26.238561,5.0,5.04,17.69,57.1,135.96,0.0,-0.0033
sensor_2,2025-10-04 15:42:26.238561,5.0,4.98,21.86,50.89,209.23,0.0,-0.0268
sensor_2,2025-10-05 15:42:26.238561,5.0,4.95,21.5,54.68,155.54,0.274,0.0273
sensor_2,2025-10-06 15:42:26.238561,5.0,5.24,17.3,48.93,149.7,0.13,0.0449
sensor_2,2025-10-07 15:42:26.238561,5.0,4.99,19.08,54.81,166.59,0.827,-0.0631
sensor_2,2025-10-08 15:42:26.238561,5.0,5.3,20.12,54.15,185.7,0.146,0.0994
sensor_2,2025-10-09 15:42:26.238561,5.0,5.23,17.64,54.8,182.83,0.377,-0.0507
sensor_2,2025-10-10 15:42:26.238561,5.0,5.3,18.14,58.08,173.52,0.328,0.0342
sensor_2,2025-10-11 15:42:26.238561,5.0,5.07,24.85,57.14,228.79,0.0,-0.0341
sensor_2,2025-10-12 15:42:26.238561,5.0,5.22,22.31,57.48,199.97,0.0,0.0531
sensor_2,2025-10-13 15:42:26.238561,5.0,4.93,21.01,61.28,182.53,0.18,0.1065
sensor_2,2025-10-14 15:42:26.238561,5.0,4.95,21.0,64.55,192.75,0.005,0.0663
sensor_2,2025-10-15 15:42:26.238561,5.0,4.91,18.89,66.72,172.61,0.437,-0.0944
sensor_2,2025-10-16 15:42:26.238561,5.0,4.82,24.41,62.56,161.84,0.078,0.0229
sensor_2,2025-10-17 15:42:26.238561,5.0,5.09,27.21,55.45,264.69,0.231,-0.0213
sensor_2,2025-10-18 15:42:26.238561,5.0,4.98,25.39,63.37,260.45,0.0,0.0088
sensor_2,2025-10-19 15:42:26.238561,5.0,5.06,25.61,62.6,95.83,0.26,0.0268
sensor_2,2025-10-20 15:42:26.238561,5.0,5.2,21.96,68.77,247.7,0.0,0.0415
sensor_2,2025-10-21 15:42:26.238561,5.0,5.0,25.04,63.55,172.97,0.21,-0.0477
sensor_2,2025-10-22 15:42:26.238561,5.0,5.12,22.29,69.9,218.5,0.0,-0.0175
sensor_2,2025-10-23 15:42:26.238561,9.79,4.87,23.87,69.41,231.34,0.125,-0.0055
sensor_2,2025-10-24 15:42:26.238561,12.16,5.28,26.96,68.02,167.67,0.0,0.0863
sensor_2,2025-10-25 15:42:26.238561,8.38,5.24,26.49,60.53,242.08,0.0,0.0257
sensor_2,2025-10-26 15:42:26.238561,8.8,5.33,31.58,71.48,192.67,0.36,0.1011
sensor_2,2025-10-27 15:42:26.238561,7.22,5.3,25.96,71.29,226.64,2.126,0.1273
sensor_2,2025-10-28 15:42:26.238561,7.02,4.95,23.43,71.31,231.16,0.337,0.1048
sensor_2,2025-10-29 15:42:26.238561,11.38,5.14,23.56,67.45,227.82,0.455,0.0452
sensor_2,2025-10-30 15:42:26.238561,12.36,4.82,25.12,74.05,223.01,0.35,0.0388
sensor_2,2025-10-31 15:42:26.238561,14.06,4.95,27.3,71.88,219.68,0.042,-0.0587
sensor_2,2025-11-01 15:42:26.238561,20.84,4.98,24.23,73.36,184.32,0.518,0.1222
sensor_2,2025-11-02 15:42:26.238561,20.09,4.85,28.41,71.28,185.23,0.243,-0.0169
sensor_2,2025-11-03 15:42:26.238561,20.05,4.91,23.29,62.39,244.51,0.011,0.1541
sensor_2,2025-11-04 15:42:26.238561,16.66,4.81,23.76,76.16,193.76,0.036,0.0562
sensor_2,2025-11-05 15:42:26.238561,23.18,5.24,28.86,68.11,146.96,0.076,0.1242
sensor_2,2025-11-06 15:42:26.238561,17.19,4.93,26.6,69.55,201.31,0.0,0.0491
sensor_2,2025-11-07 15:42:26.238561,18.71,5.21,27.92,60.4,162.82,0.0,0.0545
sensor_2,2025-11-08 15:42:26.238561,24.24,4.87,23.92,64.4,208.29,0.221,0.0599
sensor_2,2025-11-09 15:42:26.238561,26.87,5.01,25.11,77.53,253.62,0.0,0.162
sensor_2,2025-11-10 15:42:26.238561,31.36,4.93,27.16,76.55,5.1,0.0,0.1623
sensor_2,2025-11-11 15:42:26.238561,29.96,5.19,26.06,70.46,146.94,0.514,0.2082
sensor_2,2025-11-12 15:42:26.238561,28.75,5.1,22.16,70.68,222.88,0.181,0.1942
sensor_2,2025-11-13 15:42:26.238561,29.52,5.2,23.0,67.55,193.03,0.268,0.1299
sensor_2,2025-11-14 15:42:26.238561,31.8,5.25,23.96,59.15,119.98,0.614,0.0985
sensor_2,2025-11-15 15:42:26.238561,37.17,5.05,25.15,68.12,40.62,0.0,0.1198
sensor_2,2025-11-16 15:42:26.238561,30.39,5.01,24.25,62.5,77.28,0.646,0.1046
sensor_2,2025-11-17 15:42:26.238561,37.39,5.22,25.08,65.85,79.71,0.345,0.1175
sensor_2,2025-11-18 15:42:26.238561,41.75,5.28,22.35,65.0,77.33,0.137,0.2556
sensor_2,2025-11-19 15:42:26.238561,50.41,5.04,20.83,65.64,78.86,0.131,0.2985
sensor_2,2025-11-20 15:42:26.238561,33.07,5.27,22.09,71.98,129.7,0.0,0.1324
sensor_2,2025-11-21 15:42:26.238561,45.21,5.12,22.91,62.74,0.0,0.196,0.1647
sensor_2,2025-11-22 15:42:26.238561,39.57,5.4,20.17,65.88,38.84,0.116,0.2354
sensor_2,2025-11-23 15:42:26.238561,44.84,5.27,24.29,59.31,25.51,0.0,0.1674
sensor_2,2025-11-24 15:42:26.238561,58.96,5.38,19.31,53.48,69.27,0.364,0.3271
sensor_2,2025-11-25 15:42:26.238561,43.99,5.19,22.31,59.62,0.0,0.131,0.1548
sensor_3,2025-05-30 15:42:26.238561,57.25,6.22,18.73,68.43,86.87,2.145,0.4163
sensor_3,2025-05-31 15:42:26.238561,58.83,6.07,16.14,72.34,12.94,0.367,0.3025
sensor_3,2025-06-01 15:42:26.238561,53.1,5.71,20.75,74.5,0.17,0.216,0.2511
sensor_3,2025-06-02 15:42:26.238561,48.24,5.71,18.58,81.92,67.32,0.0,0.2366
sensor_3,2025-06-03 15:42:26.238561,58.94,6.05,16.42,60.22,124.84,0.317,0.314
sensor_3,2025-06-04 15:42:26.238561,55.78,5.33,19.99,71.04,86.97,0.0,0.2784
sensor_3,2025-06-05 15:42:26.238561,47.71,5.76,18.57,67.1,10.17,0.395,0.3109
sensor_3,2025-06-06 15:42:26.238561,50.36,5.71,17.85,67.33,47.99,0.986,0.2379
sensor_3,2025-06-07 15:42:26.238561,58.02,5.85,21.68,77.27,64.88,0.317,0.3282
sensor_3,2025-06-08 15:42:26.238561,55.95,5.85,20.23,61.48,41.88,0.0,0.3091
sensor_3,2025-06-09 15:42:26.238561,55.11,5.61,21.75,67.92,83.94,0.0,0.2626
sensor_3,2025-06-10 15:42:26.238561,49.04,5.85,21.2,57.76,74.79,0.009,0.2215
sensor_3,2025-06-11 15:42:26.238561,43.9,5.63,21.31,55.58,85.88,0.582,0.2831
sensor_3,2025-06-12 15:42:26.238561,40.33,5.62,22.83,69.03,76.73,0.0,0.2232
sensor_3,2025-06-13 15:42:26.238561,47.28,5.86,24.56,69.36,53.35,0.623,0.3036
sensor_3,2025-06-14 15:42:26.238561,39.63,5.84,24.85,62.54,30.82,0.289,0.2577
sensor_3,2025-06-15 15:42:26.238561,43.84,5.67,27.14,69.42,57.63,0.482,0.1967
sensor_3,2025-06-16 15:42:26.238561,43.74,5.89,23.57,59.09,23.92,0.0,0.2127
sensor_3,2025-06-17 15:42:26.238561,38.77,5.39,24.3,67.07,13.69,0.656,0.2254
sensor_3,2025-06-18 15:42:26.238561,44.62,5.5,26.22,56.29,85.61,0.252,0.264
sensor_3,2025-06-19 15:42:26.238561,32.41,5.45,25.93,56.16,68.53,0.0,0.2074
sensor_3,2025-06-20 15:42:26.238561,30.93,5.66,26.19,56.54,73.28,0.278,0.1532
sensor_3,2025-06-21 15:42:26.238561,30.84,5.27,25.83,51.29,53.81,0.121,0.1776
sensor_3,2025-06-22 15:42:26.238561,33.14,5.51,26.77,59.85,62.65,0.341,0.1025
sensor_3,2025-06-23 15:42:26.238561,37.18,5.64,23.42,55.99,48.43,0.16,0.2216
sensor_3,2025-06-24 15:42:26.238561,39.29,5.7,22.97,59.32,103.16,0.316,0.2835
sensor_3,2025-06-25 15:42:26.238561,40.92,5.68,26.21,60.41,55.8,0.207,0.2111
sensor_3,2025-06-26 15:42:26.238561,37.39,5.39,28.87,56.64,0.0,0.31,0.0796
sensor_3,2025-06-27 15:42:26.238561,31.4,5.64,24.7,53.69,128.17,0.048,0.1289
sensor_3,2025-06-28 15:42:26.238561,34.37,5.79,25.95,57.04,103.66,0.0,0.1811
sensor_3,2025-06-29 15:42:26.238561,31.8,5.74,27.11,46.47,129.48,1.841,0.2111
sensor_3,2025-06-30 15:42:26.238561,26.03,5.71,27.71,51.82,218.53,0.213,0.2009
sensor_3,2025-07-01 15:42:26.238561,10.35,5.42,26.48,42.85,215.45,0.139,0.1575
sensor_3,2025-07-02 15:42:26.238561,29.53,5.39,25.67,47.08,181.93,0.259,0.1239
sensor_3,2025-07-03 15:42:26.238561,14.68,5.54,27.19,42.26,235.81,0.011,0.1129
sensor_3,2025-07-04 15:42:26.238561,23.1,5.43,26.78,42.52,192.14,0.138,0.0946
sensor_3,2025-07-05 15:42:26.238561,16.78,5.19,24.81,42.49,189.75,0.128,0.0778
sensor_3,2025-07-06 15:42:26.238561,18.73,5.55,24.39,36.7,158.32,0.054,0.0967
sensor_3,2025-07-07 15:42:26.238561,11.16,5.21,24.66,42.43,223.8,0.033,0.0351
sensor_3,2025-07-08 15:42:26.238561,9.06,5.39,23.73,43.19,128.57,0.092,0.0664
sensor_3,2025-07-09 15:42:26.238561,13.3,5.79,25.97,34.1,196.18,0.0,0.1053
sensor_3,2025-07-10 15:42:26.238561,6.91,5.51,24.0,37.34,174.58,0.722,0.0515
sensor_3,2025-07-11 15:42:26.238561,18.94,5.49,25.87,38.57,215.75,0.0,0.1015
sensor_3,2025-07-12 15:42:26.238561,12.72,5.35,21.88,35.28,268.16,0.574,0.0868
sensor_3,2025-07-13 15:42:26.238561,11.98,5.29,21.06,29.74,262.52,0.118,0.0598
sensor_3,2025-07-14 15:42:26.238561,5.0,5.62,27.48,44.28,193.64,0.289,-0.0158
sensor_3,2025-07-15 15:42:26.238561,12.11,5.15,24.4,26.53,176.45,0.0,0.0201
sensor_3,2025-07-16 15:42:26.238561,5.0,5.24,25.36,25.35,208.82,0.565,0.0105
sensor_3,2025-07-17 15:42:26.238561,5.0,5.28,25.76,30.71,178.75,0.345,-0.0233
sensor_3,2025-07-18 15:42:26.238561,5.0,5.36,22.49,24.42,164.53,0.36,0.0991
sensor_3,2025-07-19 15:42:26.238561,5.0,5.36,18.61,24.59,198.76,0.0,-0.0131
sensor_3,2025-07-20 15:42:26.238561,5.0,5.33,22.09,15.24,115.17,0.018,0.0459
sensor_3,2025-07-21 15:42:26.238561,5.0,5.2,21.07,32.32,184.6,0.315,0.0327
sensor_3,2025-07-22 15:42:26.238561,5.0,5.38,22.21,26.88,357.05,0.0,0.1374
sensor_3,2025-07-23 15:42:26.238561,5.0,5.3,21.33,21.21,177.21,0.299,-0.0432
sensor_3,2025-07-24 15:42:26.238561,5.0,5.19,18.79,20.09,250.29,0.039,0.0436
sensor_3,2025-07-25 15:42:26.238561,5.0,5.35,22.05,30.63,192.98,0.401,0.0454
sensor_3,2025-07-26 15:42:26.238561,5.0,5.12,21.79,19.49,197.43,0.228,0.0317
sensor_3,2025-07-27 15:42:26.238561,5.0,5.25,23.07,24.5,234.77,0.063,-0.0144
sensor_3,2025-07-28 15:42:26.238561,5.0,5.35,22.47,15.69,190.82,0.0,0.0121
sensor_3,2025-07-29 15:42:26.238561,5.0,5.14,20.41,16.93,212.96,1.656,0.0545
sensor_3,2025-07-30 15:42:26.238561,5.0,5.17,15.47,23.12,231.1,0.34,0.1045
sensor_3,2025-07-31 15:42:26.238561,5.0,5.45,20.2,15.15,245.42,0.0,0.0045
sensor_3,2025-08-01 15:42:26.238561,5.0,5.1,15.82,21.73,189.65,0.306,-0.0102
sensor_3,2025-08-02 15:42:26.238561,5.0,5.21,13.71,14.59,145.27,0.796,0.0782
sensor_3,2025-08-03 15:42:26.238561,5.0,5.36,15.44,17.01,207.99,0.279,0.1035
sensor_3,2025-08-04 15:42:26.238561,5.0,5.2,13.43,10.0,195.09,0.228,-0.0312
sensor_3,2025-08-05 15:42:26.238561,5.0,5.38,17.55,13.5,191.51,0.0,0.0384
sensor_3,2025-08-06 15:42:26.238561,5.0,4.96,16.62,11.85,123.69,0.0,-0.0266
sensor_3,2025-08-07 15:42:26.238561,5.0,5.22,12.9,14.59,138.11,0.525,0.0035
sensor_3,2025-08-08 15:42:26.238561,5.0,5.33,12.62,10.0,176.66,0.512,-0.0367
sensor_3,2025-08-09 15:42:26.238561,5.0,5.06,15.93,17.36,181.47,0.077,0.0669
sensor_3,2025-08-10 15:42:26.238561,5.0,5.06,14.84,13.27,179.61,0.21,-0.1125
sensor_3,2025-08-11 15:42:26.238561,5.0,5.18,12.14,11.03,217.87,0.097,0.0316
sensor_3,2025-08-12 15:42:26.238561,5.0,5.07,14.98,11.28,176.54,0.267,0.0497
sensor_3,2025-08-13 15:42:26.238561,5.0,5.27,12.75,12.43,247.89,0.0,-0.0038
sensor_3,2025-08-14 15:42:26.238561,5.0,4.98,16.58,10.0,177.78,0.261,-0.054
sensor_3,2025-08-15 15:42:26.238561,5.0,5.14,12.13,10.0,178.83,0.0,0.0298
sensor_3,2025-08-16 15:42:26.238561,5.0,5.08,12.95,13.47,149.23,0.711,0.0311
sensor_3,2025-08-17 15:42:26.238561,5.0,4.97,15.85,13.88,222.12,0.27,-0.0025
sensor_3,2025-08-18 15:42:26.238561,5.0,5.09,8.01,10.0,192.57,0.293,0.0147
sensor_3,2025-08-19 15:42:26.238561,5.0,4.77,11.98,10.0,230.39,0.172,0.0144
sensor_3,2025-08-20 15:42:26.238561,5.0,5.25,13.54,13.2,194.82,0.374,-0.0031
sensor_3,2025-08-21 15:42:26.238561,5.0,5.3,13.37,10.0,214.46,0.0,0.0594
sensor_3,2025-08-22 15:42:26.238561,5.0,4.77,8.7,10.0,187.97,0.0,0.005
sensor_3,2025-08-23 15:42:26.238561,5.0,5.02,9.33,16.24,266.22,0.055,-0.0164
sensor_3,2025-08-24 15:42:26.238561,5.0,4.99,10.39,15.02,123.63,0.595,0.0121
sensor_3,2025-08-25 15:42:26.238561,5.0,5.03,10.44,10.0,259.8,0.212,0.0395
sensor_3,2025-08-26 15:42:26.238561,5.0,4.88,11.33,10.78,233.87,0.0,-0.0059
sensor_3,2025-08-27 15:42:26.238561,5.0,5.1,11.21,10.0,171.51,0.167,-0.0316
sensor_3,2025-08-28 15:42:26.238561,5.0,4.97,5.0,11.22,158.46,1.511,-0.0329
sensor_3,2025-08-29 15:42:26.238561,5.0,5.22,10.73,10.62,218.24,0.062,-0.0087
sensor_3,2025-08-30 15:42:26.238561,5.0,4.76,9.27,15.03,196.14,0.075,-0.0604
sensor_3,2025-08-31 15:42:26.238561,5.0,4.82,11.57,10.0,169.9,0.0,-0.0373
sensor_3,2025-09-01 15:42:26.238561,5.0,5.09,11.96,18.17,155.85,0.101,-0.0289
sensor_3,2025-09-02 15:42:26.238561,5.0,4.84,11.79,20.74,273.18,0.077,0.0363
sensor_3,2025-09-03 15:42:26.238561,5.0,4.92,6.96,10.0,228.51,0.0,-0.0172
sensor_3,2025-09-04 15:42:26.238561,5.0,5.04,10.93,18.93,251.15,0.0,-0.0207
sensor_3,2025-09-05 15:42:26.238561,5.0,5.13,11.94,20.9,247.34,0.0,0.1037
sensor_3,2025-09-06 15:42:26.238561,5.0,5.12,13.79,11.22,179.02,0.0,0.0483
sensor_3,2025-09-07 15:42:26.238561,5.0,5.12,13.07,23.87,211.35,0.0,-0.0267
sensor_3,2025-09-08 15:42:26.238561,5.0,5.12,10.37,19.22,118.97,0.0,0.1021
sensor_3,2025-09-09 15:42:26.238561,5.0,5.03,12.61,15.99,207.39,0.481,0.0185
sensor_3,2025-09-10 15:42:26.238561,5.0,4.75,12.87,22.39,230.88,0.332,-0.0418
sensor_3,2025-09-11 15:42:26.238561,5.0,4.72,12.14,25.75,225.55,0.517,0.0141
sensor_3,2025-09-12 15:42:26.238561,5.0,4.87,9.7,31.23,257.45,0.129,0.0051
sensor_3,2025-09-13 15:42:26.238561,5.0,5.18,12.67,36.06,164.87,0.087,0.0289
sensor_3,2025-09-14 15:42:26.238561,5.0,4.97,9.83,31.84,228.85,0.0,0.0731
sensor_3,2025-09-15 15:42:26.238561,5.0,5.02,11.98,31.3,165.53,0.209,-0.1003
sensor_3,2025-09-16 15:42:26.238561,5.0,4.77,15.09,28.0,191.53,0.012,-0.0287
sensor_3,2025-09-17 15:42:26.238561,5.0,4.63,14.91,32.47,151.72,0.0,0.0542
sensor_3,2025-09-18 15:42:26.238561,5.0,4.83,14.92,33.62,162.48,0.265,-0.0585
sensor_3,2025-09-19 15:42:26.238561,5.0,5.16,14.01,34.9,270.45,0.2,-0.0301
sensor_3,2025-09-20 15:42:26.238561,5.0,5.32,11.24,32.46,216.66,0.184,-0.0135
sensor_3,2025-09-21 15:42:26.238561,7.03,5.35,13.99,30.93,138.04,0.277,0.0979
sensor_3,2025-09-22 15:42:26.238561,5.0,5.01,12.76,31.17,233.39,0.474,-0.059
sensor_3,2025-09-23 15:42:26.238561,11.77,5.09,17.08,31.12,145.37,0.155,0.0691
sensor_3,2025-09-24 15:42:26.238561,14.03,5.12,14.16,33.9,249.2,0.0,0.1457
sensor_3,2025-09-25 15:42:26.238561,5.0,5.25,16.37,39.54,179.22,0.098,0.0463
sensor_3,2025-09-26 15:42:26.238561,7.94,4.93,15.05,41.82,114.85,0.337,-0.0371
sensor_3,2025-09-27 15:42:26.238561,5.0,4.76,12.18,35.85,171.64,2.586,0.0087
sensor_3,2025-09-28 15:42:26.238561,11.0,5.08,16.41,43.43,152.19,0.635,0.1396
sensor_3,2025-09-29 15:42:26.238561,5.0,4.87,15.98,40.18,220.24,0.0,0.1048
sensor_3,2025-09-30 15:42:26.238561,18.67,5.06,18.99,51.71,177.44,0.0,0.0795
sensor_3,2025-10-01 15:42:26.238561,18.34,5.05,14.18,43.34,197.04,0.177,0.1775
sensor_3,2025-10-02 15:42:26.238561,8.42,5.11,20.71,59.87,183.82,0.347,0.0645
sensor_3,2025-10-03 15:42:26.238561,17.65,5.02,19.01,36.99,227.28,0.238,0.0663
sensor_3,2025-10-04 15:42:26.238561,28.24,4.94,17.73,60.74,166.72,0.035,0.1063
sensor_3,2025-10-05 15:42:26.238561,23.54,5.07,16.35,49.23,175.71,0.177,0.1261
sensor_3,2025-10-06 15:42:26.238561,22.76,4.78,21.46,54.25,255.38,0.333,0.1436
sensor_3,2025-10-07 15:42:26.238561,24.34,5.25,20.77,53.57,290.9,0.467,0.1691
sensor_3,2025-10-08 15:42:26.238561,16.95,4.86,20.69,55.83,175.44,0.242,0.1356
sensor_3,2025-10-09 15:42:26.238561,28.14,4.89,20.27,52.1,184.49,0.076,0.088
sensor_3,2025-10-10 15:42:26.238561,19.71,5.05,19.75,42.48,282.12,0.527,0.0822
sensor_3,2025-10-11 15:42:26.238561,27.39,4.89,24.63,67.58,206.27,0.507,0.1281
sensor_3,2025-10-12 15:42:26.238561,21.92,5.01,21.86,56.77,191.25,0.173,0.0893
sensor_3,2025-10-13 15:42:26.238561,30.16,4.92,20.52,53.53,89.11,0.0,0.1712
sensor_3,2025-10-14 15:42:26.238561,38.12,5.04,17.09,59.03,47.43,0.0,0.1329
sensor_3,2025-10-15 15:42:26.238561,40.11,5.19,20.78,53.69,36.92,0.136,0.2072
sensor_3,2025-10-16 15:42:26.238561,31.04,5.18,26.82,66.57,48.08,0.145,0.1191
sensor_3,2025-10-17 15:42:26.238561,40.87,5.01,23.35,63.52,29.93,0.0,0.1843
sensor_3,2025-10-18 15:42:26.238561,35.89,5.19,22.48,70.11,14.93,0.714,0.0827
sensor_3,2025-10-19 15:42:26.238561,39.58,5.19,22.24,66.83,101.18,0.0,0.2082
sensor_3,2025-10-20 15:42:26.238561,26.13,4.98,27.36,62.46,153.04,0.141,0.2105
sensor_3,2025-10-21 15:42:26.238561,30.61,4.97,27.34,75.28,45.86,0.0,0.2202
sensor_3,2025-10-22 15:42:26.238561,48.88,5.24,22.96,66.32,43.59,0.299,0.3064
sensor_3,2025-10-23 15:42:26.238561,46.43,4.98,27.56,68.67,77.48,0.64,0.1557
sensor_3,2025-10-24 15:42:26.238561,42.96,5.07,21.87,69.33,150.46,0.0,0.1939
sensor_3,2025-10-25 15:42:26.238561,47.41,5.18,24.96,61.55,59.31,0.0,0.1077
sensor_3,2025-10-26 15:42:26.238561,51.23,5.31,25.46,69.59,92.97,0.267,0.3008
sensor_3,2025-10-27 15:42:26.238561,44.79,5.37,26.15,69.78,0.0,2.086,0.2137
sensor_3,2025-10-28 15:42:26.238561,44.08,5.06,23.5,79.74,103.25,0.776,0.1498
sensor_3,2025-10-29 15:42:26.238561,48.59,4.99,24.35,64.79,99.58,0.081,0.2675
sensor_3,2025-10-30 15:42:26.238561,52.18,5.54,22.88,75.9,95.86,0.0,0.3242
sensor_3,2025-10-31 15:42:26.238561,51.74,5.17,24.26,66.18,131.99,0.2,0.2886
sensor_3,2025-11-01 15:42:26.238561,46.96,5.1,28.12,63.15,33.39,0.21,0.2156
sensor_3,2025-11-02 15:42:26.238561,50.85,5.28,27.37,73.65,10.57,0.115,0.2998
sensor_3,2025-11-03 15:42:26.238561,57.01,5.02,26.7,60.11,51.88,0.769,0.2201
sensor_3,2025-11-04 15:42:26.238561,49.13,5.35,22.91,66.82,73.86,0.01,0.2296
sensor_3,2025-11-05 15:42:26.238561,57.74,5.31,26.5,68.22,64.8,0.163,0.3061
sensor_3,2025-11-06 15:42:26.238561,52.22,5.23,23.93,69.62,17.56,0.0,0.254
sensor_3,2025-11-07 15:42:26.238561,56.41,5.38,24.98,71.67,72.03,0.333,0.2451
sensor_3,2025-11-08 15:42:26.238561,56.7,5.33,25.77,58.99,56.42,0.864,0.2746
sensor_3,2025-11-09 15:42:26.238561,52.87,5.34,26.28,75.13,0.0,0.419,0.2893
sensor_3,2025-11-10 15:42:26.238561,56.33,5.34,27.58,73.22,4.28,0.446,0.275
sensor_3,2025-11-11 15:42:26.238561,57.88,5.31,25.08,74.47,46.65,0.0,0.2593
sensor_3,2025-11-12 15:42:26.238561,58.85,5.49,26.42,63.86,149.41,0.279,0.378
sensor_3,2025-11-13 15:42:26.238561,57.6,5.4,26.71,73.76,92.29,0.462,0.2826
sensor_3,2025-11-14 15:42:26.238561,55.86,5.38,26.7,66.07,92.61,0.636,0.2456
sensor_3,2025-11-15 15:42:26.238561,54.85,5.32,25.24,64.03,104.09,0.327,0.2784
sensor_3,2025-11-16 15:42:26.238561,52.12,5.15,24.95,55.42,90.51,0.153,0.4068
sensor_3,2025-11-17 15:42:26.238561,60.0,5.33,23.93,70.45,118.13,0.0,0.2088
sensor_3,2025-11-18 15:42:26.238561,56.6,5.45,24.87,70.16,2.01,0.0,0.3223
sensor_3,2025-11-19 15:42:26.238561,55.71,5.07,23.89,68.09,45.12,0.063,0.2421
sensor_3,2025-11-20 15:42:26.238561,58.09,5.18,21.87,65.99,62.87,0.25,0.2266
sensor_3,2025-11-21 15:42:26.238561,59.08,5.07,23.35,69.76,0.0,0.024,0.2778
sensor_3,2025-11-22 15:42:26.238561,60.0,5.34,21.29,51.97,54.14,0.813,0.3225
sensor_3,2025-11-23 15:42:26.238561,59.85,5.46,22.33,56.9,82.93,0.268,0.3108
sensor_3,2025-11-24 15:42:26.238561,55.0,5.62,23.34,57.33,90.07,0.051,0.2555
sensor_3,2025-11-25 15:42:26.238561,55.95,5.17,22.6,50.03,0.86,0.0,0.249
sensor_4,2025-05-30 15:42:26.238561,24.89,5.49,15.91,64.14,218.57,1.835,0.1977
sensor_4,2025-05-31 15:42:26.238561,19.9,5.55,21.01,72.91,183.5,0.277,0.1155
sensor_4,2025-06-01 15:42:26.238561,23.03,5.47,18.47,70.96,160.27,0.0,0.0591
sensor_4,2025-06-02 15:42:26.238561,13.66,5.32,19.51,65.32,220.54,0.21,-0.018
sensor_4,2025-06-03 15:42:26.238561,23.61,5.62,17.6,71.72,165.74,0.229,0.0853
sensor_4,2025-06-04 15:42:26.238561,10.03,5.43,19.73,67.41,152.64,0.08,0.0747
sensor_4,2025-06-05 15:42:26.238561,17.44,5.5,19.02,75.0,152.95,0.346,0.1687
sensor_4,2025-06-06 15:42:26.238561,18.74,5.44,19.69,74.01,143.08,0.0,0.0829
sensor_4,2025-06-07 15:42:26.238561,21.2,5.51,19.18,66.93,175.43,0.0,0.1735
sensor_4,2025-06-08 15:42:26.238561,6.83,5.69,23.14,73.53,181.48,0.155,-0.0013
sensor_4,2025-06-09 15:42:26.238561,9.75,5.51,24.43,62.1,185.38,0.155,0.0014
sensor_4,2025-06-10 15:42:26.238561,14.03,5.32,21.79,64.88,168.43,0.198,0.0655
sensor_4,2025-06-11 15:42:26.238561,7.92,5.31,23.16,74.88,205.6,0.499,-0.0149
sensor_4,2025-06-12 15:42:26.238561,9.28,5.24,19.89,62.34,247.68,0.485,0.0723
sensor_4,2025-06-13 15:42:26.238561,5.0,5.37,23.76,66.3,126.25,0.0,0.0238
sensor_4,2025-06-14 15:42:26.238561,8.65,5.06,23.13,65.48,233.98,0.408,0.0685
sensor_4,2025-06-15 15:42:26.238561,5.0,5.09,22.95,69.07,255.74,0.413,0.0475
sensor_4,2025-06-16 15:42:26.238561,5.4,5.28,23.75,71.67,162.3,0.684,0.0235
sensor_4,2025-06-17 15:42:26.238561,8.93,5.15,25.44,58.87,143.39,0.266,0.0865
sensor_4,2025-06-18 15:42:26.238561,5.0,5.12,24.32,61.31,221.93,0.485,0.0238
sensor_4,2025-06-19 15:42:26.238561,9.23,5.37,24.04,52.84,189.49,0.099,0.1048
sensor_4,2025-06-20 15:42:26.238561,5.0,5.15,25.28,63.38,261.12,0.466,0.0706
sensor_4,2025-06-21 15:42:26.238561,5.0,5.38,27.63,52.45,186.02,0.0,0.0528
sensor_4,2025-06-22 15:42:26.238561,5.0,5.22,20.52,56.11,236.54,0.361,0.0549
sensor_4,2025-06-23 15:42:26.238561,5.0,5.11,26.49,53.03,287.36,0.371,0.0009
sensor_4,2025-06-24 15:42:26.238561,5.0,5.28,25.11,61.79,207.46,0.0,0.1225
sensor_4,2025-06-25 15:42:26.238561,5.0,5.4,24.49,57.0,212.44,0.0,0.1389
sensor_4,2025-06-26 15:42:26.238561,5.0,5.21,23.6,55.88,203.47,0.307,0.0382
sensor_4,2025-06-27 15:42:26.238561,5.0,5.48,27.02,47.82,254.5,0.692,0.2205
sensor_4,2025-06-28 15:42:26.238561,5.0,5.29,21.78,54.75,178.07,0.777,0.003
sensor_4,2025-06-29 15:42:26.238561,5.0,5.18,22.03,54.63,117.4,2.009,-0.0528
sensor_4,2025-06-30 15:42:26.238561,5.0,5.49,26.72,45.43,198.75,0.205,0.0715
sensor_4,2025-07-01 15:42:26.238561,5.0,5.32,20.59,45.45,180.47,0.39,0.0375
sensor_4,2025-07-02 15:42:26.238561,5.0,5.07,26.37,47.05,176.84,0.056,0.0446
sensor_4,2025-07-03 15:42:26.238561,5.0,5.2,30.27,39.16,125.93,0.435,-0.0116
sensor_4,2025-07-04 15:42:26.238561,5.0,5.09,25.35,53.09,232.09,0.459,-0.0463
sensor_4,2025-07-05 15:42:26.238561,5.0,4.77,24.17,48.7,220.68,0.134,-0.0096
sensor_4,2025-07-06 15:42:26.238561,5.0,5.22,27.22,34.64,211.99,0.48,0.0127
sensor_4,2025-07-07 15:42:26.238561,5.0,5.6,25.36,43.49,170.48,0.254,0.0785
sensor_4,2025-07-08 15:42:26.238561,5.0,5.02,25.84,47.63,217.95,0.489,0.0064
sensor_4,2025-07-09 15:42:26.238561,5.0,5.21,23.37,40.72,160.33,0.01,0.0274
sensor_4,2025-07-10 15:42:26.238561,5.0,4.98,27.21,40.79,171.81,0.0,-0.0066
sensor_4,2025-07-11 15:42:26.238561,5.0,5.17,24.18,26.69,184.47,0.108,0.0508
sensor_4,2025-07-12 15:42:26.238561,5.0,5.4,20.87,42.1,191.03,0.458,0.049
sensor_4,2025-07-13 15:42:26.238561,5.0,5.08,22.27,41.46,195.46,0.266,0.078
sensor_4,2025-07-14 15:42:26.238561,5.0,5.22,23.04,32.52,202.89,0.0,-0.016
sensor_4,2025-07-15 15:42:26.238561,5.0,5.26,23.84,33.24,188.23,0.607,0.0265
sensor_4,2025-07-16 15:42:26.238561,5.0,5.29,22.14,38.66,138.78,0.689,0.0172
sensor_4,2025-07-17 15:42:26.238561,5.0,4.83,22.49,24.54,175.69,0.159,0.0399
sensor_4,2025-07-18 15:42:26.238561,5.0,5.15,20.91,24.21,271.95,0.0,0.1071
sensor_4,2025-07-19 15:42:26.238561,5.0,5.1,24.93,33.88,195.57,0.084,0.0114
sensor_4,2025-07-20 15:42:26.238561,5.0,5.23,22.47,29.53,265.53,0.314,0.0516
sensor_4,2025-07-21 15:42:26.238561,5.0,4.69,22.9,24.9,179.41,0.273,-0.0192
sensor_4,2025-07-22 15:42:26.238561,5.0,5.1,20.28,29.29,191.31,0.358,-0.005
sensor_4,2025-07-23 15:42:26.238561,5.0,5.09,21.44,25.73,189.25,0.0,-0.0106
sensor_4,2025-07-24 15:42:26.238561,5.0,5.03,20.56,27.28,171.52,0.0,-0.0037
sensor_4,2025-07-25 15:42:26.238561,5.0,4.92,20.33,23.85,199.63,0.292,0.0952
sensor_4,2025-07-26 15:42:26.238561,5.0,5.1,19.28,16.23,176.6,0.056,0.03
sensor_4,2025-07-27 15:42:26.238561,5.0,4.95,19.08,19.25,215.83,0.279,0.0723
sensor_4,2025-07-28 15:42:26.238561,5.0,4.69,18.53,24.19,137.37,0.0,0.0028
sensor_4,2025-07-29 15:42:26.238561,5.0,4.88,17.16,13.03,204.42,1.812,0.0571
sensor_4,2025-07-30 15:42:26.238561,5.0,4.92,16.48,15.8,178.48,0.439,-0.0881
sensor_4,2025-07-31 15:42:26.238561,5.0,5.12,22.05,13.92,212.98,0.0,-0.1034
sensor_4,2025-08-01 15:42:26.238561,5.0,5.04,20.29,10.0,220.8,0.761,0.0461
sensor_4,2025-08-02 15:42:26.238561,5.0,5.03,14.39,21.71,175.57,0.351,-0.0659
sensor_4,2025-08-03 15:42:26.238561,5.0,5.24,16.44,21.56,196.87,0.0,0.0688
sensor_4,2025-08-04 15:42:26.238561,5.0,5.13,16.79,10.0,206.57,0.859,0.0579
sensor_4,2025-08-05 15:42:26.238561,5.0,5.18,16.77,14.19,156.33,0.27,0.0725
sensor_4,2025-08-06 15:42:26.238561,5.0,5.23,15.77,10.0,239.91,0.114,0.0679
sensor_4,2025-08-07 15:42:26.238561,5.0,5.01,16.56,13.61,120.18,0.0,0.0441
sensor_4,2025-08-08 15:42:26.238561,5.0,4.94,12.48,10.0,119.13,0.17,-0.0347
sensor_4,2025-08-09 15:42:26.238561,5.0,5.0,15.55,21.82,139.52,0.548,0.0587
sensor_4,2025-08-10 15:42:26.238561,5.0,5.04,13.54,11.95,260.37,0.382,0.0473
sensor_4,2025-08-11 15:42:26.238561,5.0,4.79,13.69,16.77,138.91,0.0,-0.0119
sensor_4,2025-08-12 15:42:26.238561,5.0,4.89,12.91,10.0,161.04,0.411,-0.065
sensor_4,2025-08-13 15:42:26.238561,5.0,4.91,14.89,10.0,181.42,0.213,-0.087
sensor_4,2025-08-14 15:42:26.238561,5.0,5.06,12.29,15.18,154.9,0.538,0.0239
sensor_4,2025-08-15 15:42:26.238561,5.0,5.0,12.58,16.16,156.93,0.0,0.0525
sensor_4,2025-08-16 15:42:26.238561,5.0,5.14,15.9,10.0,227.25,0.0,0.0564
sensor_4,2025-08-17 15:42:26.238561,5.0,5.07,10.92,10.0,220.13,0.0,-0.0031
sensor_4,2025-08-18 15:42:26.238561,5.0,5.03,15.84,15.18,173.84,0.208,0.0065
sensor_4,2025-08-19 15:42:26.238561,5.0,4.86,10.57,10.0,201.9,0.125,-0.0872
sensor_4,2025-08-20 15:42:26.238561,5.0,5.11,11.91,10.0,223.66,0.404,0.0394
sensor_4,2025-08-21 15:42:26.238561,5.0,5.04,13.62,10.0,283.92,0.042,0.0192
sensor_4,2025-08-22 15:42:26.238561,5.0,5.03,7.54,10.0,156.32,0.241,0.0579
sensor_4,2025-08-23 15:42:26.238561,5.84,4.65,14.92,12.47,168.94,0.247,-0.0086
sensor_4,2025-08-24 15:42:26.238561,5.0,5.03,9.46,10.0,172.55,0.0,0.012
sensor_4,2025-08-25 15:42:26.238561,7.97,5.08,12.16,13.32,178.69,0.452,-0.0347
sensor_4,2025-08-26 15:42:26.238561,5.0,4.86,12.55,16.84,219.49,0.522,-0.0379
sensor_4,2025-08-27 15:42:26.238561,9.29,4.99,11.97,12.01,184.6,0.362,0.0749
sensor_4,2025-08-28 15:42:26.238561,5.48,5.0,8.06,10.0,208.02,2.183,0.0647
sensor_4,2025-08-29 15:42:26.238561,5.0,4.96,5.67,20.5,156.56,0.577,0.0559
sensor_4,2025-08-30 15:42:26.238561,6.9,4.84,10.75,10.02,204.1,0.055,-0.0858
sensor_4,2025-08-31 15:42:26.238561,5.0,5.05,8.89,12.11,227.83,0.552,0.0089
sensor_4,2025-09-01 15:42:26.238561,12.33,5.09,7.29,16.67,222.08,0.404,-0.0378
sensor_4,2025-09-02 15:42:26.238561,11.54,4.88,10.21,18.67,259.87,0.052,0.0106
sensor_4,2025-09-03 15:42:26.238561,22.42,5.06,12.57,18.47,153.72,0.0,0.015
sensor_4,2025-09-04 15:42:26.238561,21.32,5.2,13.77,22.03,246.51,0.026,0.05
sensor_4,2025-09-05 15:42:26.238561,23.59,5.09,10.36,20.58,212.93,0.585,0.1827
sensor_4,2025-09-06 15:42:26.238561,23.39,5.16,11.25,17.19,230.26,0.0,0.1651
sensor_4,2025-09-07 15:42:26.238561,16.03,5.07,8.64,23.16,198.64,0.0,0.087
sensor_4,2025-09-08 15:42:26.238561,20.45,5.17,10.45,23.29,161.7,0.023,0.0693
sensor_4,2025-09-09 15:42:26.238561,28.95,5.29,8.98,27.65,113.21,0.0,0.0914
sensor_4,2025-09-10 15:42:26.238561,19.22,4.81,11.58,22.18,215.18,0.407,0.0835
sensor_4,2025-09-11 15:42:26.238561,30.59,5.04,8.56,29.55,26.44,0.0,0.1096
sensor_4,2025-09-12 15:42:26.238561,24.04,4.99,11.82,27.03,164.09,0.054,0.1505
sensor_4,2025-09-13 15:42:26.238561,32.38,5.37,13.7,32.07,0.0,0.429,0.1572
sensor_4,2025-09-14 15:42:26.238561,28.43,5.09,13.46,29.93,164.86,0.423,0.1021
sensor_4,2025-09-15 15:42:26.238561,33.55,5.02,11.38,32.36,8.39,0.784,0.0548
sensor_4,2025-09-16 15:42:26.238561,30.73,5.13,13.25,29.14,47.7,0.323,0.1234
sensor_4,2025-09-17 15:42:26.238561,41.93,5.2,14.1,25.95,46.82,0.11,0.1424
sensor_4,2025-09-18 15:42:26.238561,37.99,5.0,13.96,26.58,118.76,0.0,0.1729
sensor_4,2025-09-19 15:42:26.238561,41.36,5.0,14.65,26.94,108.08,0.204,0.152
sensor_4,2025-09-20 15:42:26.238561,37.1,5.21,12.1,30.52,41.14,0.0,0.2577
sensor_4,2025-09-21 15:42:26.238561,36.93,5.22,14.01,30.52,49.76,0.435,0.1668
sensor_4,2025-09-22 15:42:26.238561,46.88,5.26,15.77,34.34,6.81,0.016,0.2258
sensor_4,2025-09-23 15:42:26.238561,44.77,4.78,14.27,38.62,38.9,0.587,0.2034
sensor_4,2025-09-24 15:42:26.238561,49.69,5.08,16.52,47.2,102.47,0.0,0.2128
sensor_4,2025-09-25 15:42:26.238561,42.49,5.2,16.38,36.03,52.71,0.0,0.2656
sensor_4,2025-09-26 15:42:26.238561,42.7,5.14,14.76,47.16,0.0,0.195,0.1832
sensor_4,2025-09-27 15:42:26.238561,44.01,5.4,13.99,46.48,64.25,2.378,0.2324
sensor_4,2025-09-28 15:42:26.238561,43.61,5.31,17.0,36.09,28.43,0.316,0.2537
sensor_4,2025-09-29 15:42:26.238561,44.83,4.71,17.59,38.9,0.0,0.0,0.202
sensor_4,2025-09-30 15:42:26.238561,49.8,5.12,19.72,49.37,114.65,0.0,0.2287
sensor_4,2025-10-01 15:42:26.238561,41.97,5.13,16.84,50.49,51.82,0.387,0.2285
sensor_4,2025-10-02 15:42:26.238561,60.0,5.13,15.85,49.74,17.91,0.645,0.2706
sensor_4,2025-10-03 15:42:26.238561,48.92,5.11,19.57,48.86,24.33,0.7,0.187
sensor_4,2025-10-04 15:42:26.238561,52.72,5.29,15.27,53.18,7.8,0.447,0.2081
sensor_4,2025-10-05 15:42:26.238561,56.76,5.36,20.66,53.15,40.75,0.027,0.351
sensor_4,2025-10-06 15:42:26.238561,50.52,5.05,20.66,49.0,12.0,0.0,0.1936
sensor_4,2025-10-07 15:42:26.238561,54.29,5.25,21.62,56.69,42.37,0.141,0.2839
sensor_4,2025-10-08 15:42:26.238561,60.0,5.24,19.17,50.14,0.0,0.4,0.3161
sensor_4,2025-10-09 15:42:26.238561,58.84,5.21,23.31,53.71,88.21,0.188,0.2531
sensor_4,2025-10-10 15:42:26.238561,59.48,5.3,21.58,57.53,48.48,0.917,0.3637
sensor_4,2025-10-11 15:42:26.238561,60.0,5.26,23.25,60.69,51.05,0.109,0.2843
sensor_4,2025-10-12 15:42:26.238561,41.67,5.29,20.62,67.0,50.77,0.0,0.1938
sensor_4,2025-10-13 15:42:26.238561,52.73,5.33,22.53,64.74,18.36,0.21,0.1882
sensor_4,2025-10-14 15:42:26.238561,60.0,5.35,23.29,60.84,66.59,0.681,0.2941
sensor_4,2025-10-15 15:42:26.238561,59.41,5.12,20.89,62.17,94.16,0.123,0.2666
sensor_4,2025-10-16 15:42:26.238561,57.0,5.21,23.54,55.0,101.24,0.0,0.308
sensor_4,2025-10-17 15:42:26.238561,52.95,5.4,24.6,65.19,10.22,0.275,0.2041
sensor_4,2025-10-18 15:42:26.238561,58.26,5.46,25.14,64.08,11.01,0.394,0.2983
sensor_4,2025-10-19 15:42:26.238561,48.11,5.44,23.78,70.72,6.19,0.0,0.2499
sensor_4,2025-10-20 15:42:26.238561,60.0,5.07,22.14,79.14,37.78,0.419,0.2455
sensor_4,2025-10-21 15:42:26.238561,49.49,5.31,23.82,63.99,45.41,0.279,0.235
sensor_4,2025-10-22 15:42:26.238561,53.67,5.42,20.69,56.31,79.57,0.352,0.274
sensor_4,2025-10-23 15:42:26.238561,53.02,5.25,24.28,59.12,20.44,0.396,0.3264
sensor_4,2025-10-24 15:42:26.238561,57.86,5.48,21.18,70.89,17.84,0.292,0.2829
sensor_4,2025-10-25 15:42:26.238561,60.0,5.24,26.44,66.65,43.67,0.145,0.2445
sensor_4,2025-10-26 15:42:26.238561,59.68,5.38,25.84,68.87,81.92,0.477,0.2536
sensor_4,2025-10-27 15:42:26.238561,60.0,5.22,26.68,71.9,0.0,2.028,0.2945
sensor_4,2025-10-28 15:42:26.238561,55.56,5.61,24.33,65.09,53.03,0.406,0.2927
sensor_4,2025-10-29 15:42:26.238561,60.0,5.49,21.39,66.74,27.53,0.344,0.1779
sensor_4,2025-10-30 15:42:26.238561,60.0,5.5,26.13,75.51,143.75,0.461,0.3713
sensor_4,2025-10-31 15:42:26.238561,59.1,5.41,24.95,65.64,22.52,0.0,0.287
sensor_4,2025-11-01 15:42:26.238561,49.64,5.47,25.88,70.63,29.11,1.123,0.3394
sensor_4,2025-11-02 15:42:26.238561,51.41,5.49,24.77,64.9,0.0,0.33,0.2287
sensor_4,2025-11-03 15:42:26.238561,60.0,5.61,28.75,65.74,69.01,0.39,0.3
sensor_4,2025-11-04 15:42:26.238561,52.78,5.72,26.45,73.16,17.12,0.0,0.2544
sensor_4,2025-11-05 15:42:26.238561,55.47,5.32,25.94,61.47,5.2,0.401,0.302
sensor_4,2025-11-06 15:42:26.238561,53.53,5.34,23.86,67.93,75.78,0.478,0.2473
sensor_4,2025-11-07 15:42:26.238561,49.09,5.54,24.2,67.04,103.01,0.448,0.2761
sensor_4,2025-11-08 15:42:26.238561,47.82,5.55,27.88,67.54,104.04,0.588,0.3481
sensor_4,2025-11-09 15:42:26.238561,55.0,5.61,28.48,71.4,29.95,0.065,0.3002
sensor_4,2025-11-10 15:42:26.238561,46.27,5.51,27.72,57.9,111.38,0.537,0.2312
sensor_4,2025-11-11 15:42:26.238561,54.66,5.54,27.84,73.42,0.0,0.376,0.2741
sensor_4,2025-11-12 15:42:26.238561,51.53,5.44,28.71,73.31,20.41,0.0,0.236
sensor_4,2025-11-13 15:42:26.238561,52.44,5.6,27.54,71.62,88.78,0.298,0.2155
sensor_4,2025-11-14 15:42:26.238561,48.4,5.73,24.73,69.7,37.25,0.0,0.2581
sensor_4,2025-11-15 15:42:26.238561,50.0,5.49,24.15,61.96,94.77,0.112,0.3332
sensor_4,2025-11-16 15:42:26.238561,55.15,5.58,22.37,55.65,0.0,0.0,0.3511
sensor_4,2025-11-17 15:42:26.238561,47.1,5.66,19.7,59.48,85.48,0.286,0.2553
sensor_4,2025-11-18 15:42:26.238561,48.33,5.86,23.43,65.16,57.7,0.918,0.1895
sensor_4,2025-11-19 15:42:26.238561,47.88,5.61,24.73,60.83,48.04,0.413,0.4165
sensor_4,2025-11-20 15:42:26.238561,47.44,5.51,22.46,61.12,0.0,0.101,0.2762
sensor_4,2025-11-21 15:42:26.238561,35.93,5.8,23.97,58.95,44.34,0.679,0.2583
sensor_4,2025-11-22 15:42:26.238561,41.23,5.62,22.83,59.25,0.0,0.813,0.2394
sensor_4,2025-11-23 15:42:26.238561,42.03,5.65,20.88,60.04,0.0,0.883,0.1783
sensor_4,2025-11-24 15:42:26.238561,33.72,5.6,24.58,60.17,0.55,0.576,0.2251
sensor_4,2025-11-25 15:42:26.238561,40.38,5.79,26.45,70.11,22.53,0.687,0.26
sensor_5,2025-05-30 15:42:26.238561,5.0,5.04,17.66,65.94,233.12,2.321,-0.0459
sensor_5,2025-05-31 15:42:26.238561,5.0,5.45,18.03,73.62,214.05,0.302,0.035
sensor_5,2025-06-01 15:42:26.238561,5.0,5.11,20.22,70.0,194.46,0.073,-0.0009
sensor_5,2025-06-02 15:42:26.238561,5.0,5.21,16.51,73.5,191.8,0.209,0.1059
sensor_5,2025-06-03 15:42:26.238561,5.0,5.3,17.23,68.52,224.38,0.0,0.0415
sensor_5,2025-06-04 15:42:26.238561,5.0,5.25,22.05,71.07,259.12,0.0,0.038
sensor_5,2025-06-05 15:42:26.238561,5.0,5.08,22.28,80.76,199.32,0.352,0.0225
sensor_5,2025-06-06 15:42:26.238561,5.0,4.96,19.33,61.87,268.16,0.165,-0.0056
sensor_5,2025-06-07 15:42:26.238561,5.0,5.05,19.58,68.82,241.15,0.351,0.0329
sensor_5,2025-06-08 15:42:26.238561,5.0,5.27,21.88,62.93,201.84,0.0,0.0312
sensor_5,2025-06-09 15:42:26.238561,5.0,5.59,21.76,60.61,194.63,0.356,0.1422
sensor_5,2025-06-10 15:42:26.238561,5.0,4.96,23.82,60.24,182.55,0.123,-0.0009
sensor_5,2025-06-11 15:42:26.238561,5.0,5.09,21.97,66.54,205.98,0.229,0.039
sensor_5,2025-06-12 15:42:26.238561,5.0,5.24,23.75,58.12,202.01,0.344,0.0678
sensor_5,2025-06-13 15:42:26.238561,5.0,5.08,22.01,68.1,241.36,0.078,0.0621
sensor_5,2025-06-14 15:42:26.238561,5.0,5.15,23.03,68.49,213.02,0.883,-0.0068
sensor_5,2025-06-15 15:42:26.238561,5.0,5.08,22.0,64.01,205.49,1.075,0.0243
sensor_5,2025-06-16 15:42:26.238561,5.0,5.19,19.86,62.87,200.64,0.438,0.078
sensor_5,2025-06-17 15:42:26.238561,5.0,5.12,22.73,56.91,212.4,0.0,-0.0047
sensor_5,2025-06-18 15:42:26.238561,5.0,5.22,28.11,55.24,125.88,0.163,0.0193
sensor_5,2025-06-19 15:42:26.238561,5.0,5.06,24.33,62.74,241.62,0.0,-0.0041
sensor_5,2025-06-20 15:42:26.238561,5.0,4.99,28.4,56.85,198.35,0.367,-0.0184
sensor_5,2025-06-21 15:42:26.238561,5.0,5.05,27.19,57.43,166.14,0.478,-0.0011
sensor_5,2025-06-22 15:42:26.238561,5.0,5.13,26.84,70.08,233.09,0.548,0.0047
sensor_5,2025-06-23 15:42:26.238561,5.0,5.11,25.67,51.81,192.99,0.32,0.0379
sensor_5,2025-06-24 15:42:26.238561,5.0,5.14,24.58,53.64,152.04,0.735,0.027
sensor_5,2025-06-25 15:42:26.238561,5.0,4.95,31.58,49.82,182.85,0.325,0.0361
sensor_5,2025-06-26 15:42:26.238561,5.0,5.36,26.82,48.86,189.72,0.292,0.1419
sensor_5,2025-06-27 15:42:26.238561,5.0,5.26,26.24,57.26,195.92,0.0,0.0631
sensor_5,2025-06-28 15:42:26.238561,5.0,5.22,25.92,48.98,137.65,0.446,0.0467
sensor_5,2025-06-29 15:42:26.238561,5.0,4.99,25.05,43.46,167.29,1.66,0.0136
sensor_5,2025-06-30 15:42:26.238561,5.0,4.82,30.04,56.01,168.84,0.282,0.0142
sensor_5,2025-07-01 15:42:26.238561,5.0,4.94,28.18,45.86,146.57,0.417,0.0676
sensor_5,2025-07-02 15:42:26.238561,5.0,4.88,27.37,45.4,231.33,0.0,-0.0649
sensor_5,2025-07-03 15:42:26.238561,5.0,5.06,24.65,49.57,241.08,0.38,0.1028
sensor_5,2025-07-04 15:42:26.238561,5.0,4.87,28.6,42.07,236.42,0.672,0.0342
sensor_5,2025-07-05 15:42:26.238561,5.0,4.91,28.44,43.07,203.18,0.428,0.0412
sensor_5,2025-07-06 15:42:26.238561,5.0,5.01,25.06,47.01,222.14,0.123,0.0645
sensor_5,2025-07-07 15:42:26.238561,5.0,4.91,24.05,36.63,189.1,0.57,-0.0323
sensor_5,2025-07-08 15:42:26.238561,5.0,4.93,24.91,32.77,191.18,0.142,0.0287
sensor_5,2025-07-09 15:42:26.238561,5.0,4.85,27.44,40.18,207.94,0.197,-0.0282
sensor_5,2025-07-10 15:42:26.238561,5.0,5.1,21.61,35.23,189.8,0.277,0.0769
sensor_5,2025-07-11 15:42:26.238561,5.0,4.95,23.88,32.72,186.11,0.431,-0.0446
sensor_5,2025-07-12 15:42:26.238561,5.0,4.76,23.57,33.89,266.99,0.118,-0.1149
sensor_5,2025-07-13 15:42:26.238561,5.0,5.02,25.7,36.23,206.7,0.549,-0.0086
sensor_5,2025-07-14 15:42:26.238561,5.0,4.77,22.41,24.15,189.01,0.186,-0.0051
sensor_5,2025-07-15 15:42:26.238561,5.0,4.87,23.59,24.53,254.53,0.109,-0.022
sensor_5,2025-07-16 15:42:26.238561,5.0,4.82,21.44,25.39,197.29,0.329,0.0342
sensor_5,2025-07-17 15:42:26.238561,7.61,4.67,24.62,26.95,176.54,0.014,-0.0558
sensor_5,2025-07-18 15:42:26.238561,5.0,5.13,23.15,35.37,139.5,0.0,-0.0993
sensor_5,2025-07-19 15:42:26.238561,5.0,5.03,22.99,28.26,143.56,0.441,0.0225
sensor_5,2025-07-20 15:42:26.238561,5.0,4.72,23.08,20.5,184.11,0.36,-0.0072
sensor_5,2025-07-21 15:42:26.238561,5.0,5.0,19.06,31.13,191.79,0.536,-0.0112
sensor_5,2025-07-22 15:42:26.238561,5.0,4.89,23.53,20.79,225.78,0.085,-0.0986
sensor_5,2025-07-23 15:42:26.238561,5.0,4.82,21.49,17.38,237.04,0.173,-0.0108
sensor_5,2025-07-24 15:42:26.238561,5.89,5.15,21.01,18.49,129.04,0.0,-0.0169
sensor_5,2025-07-25 15:42:26.238561,5.0,4.95,22.06,18.32,197.72,0.555,0.0288
sensor_5,2025-07-26 15:42:26.238561,5.0,4.91,19.03,16.21,178.36,0.427,-0.0069
sensor_5,2025-07-27 15:42:26.238561,5.0,5.27,20.55,12.53,182.33,0.233,0.1144
sensor_5,2025-07-28 15:42:26.238561,5.0,5.15,22.32,15.56,188.9,0.0,0.0055
sensor_5,2025-07-29 15:42:26.238561,8.64,5.1,21.31,14.14,121.31,1.994,0.0779
sensor_5,2025-07-30 15:42:26.238561,11.36,4.95,18.98,24.66,215.27,0.088,0.0113
sensor_5,2025-07-31 15:42:26.238561,10.56,5.25,17.97,16.23,180.71,0.53,0.1593
sensor_5,2025-08-01 15:42:26.238561,14.97,5.02,18.01,10.0,229.81,0.24,0.0853
sensor_5,2025-08-02 15:42:26.238561,10.47,4.95,16.71,20.04,184.85,0.825,0.0646
sensor_5,2025-08-03 15:42:26.238561,8.97,4.99,15.83,10.0,263.98,0.411,0.0651
sensor_5,2025-08-04 15:42:26.238561,17.5,4.8,15.77,17.9,157.95,0.0,0.036
sensor_5,2025-08-05 15:42:26.238561,17.3,5.03,17.8,16.33,210.35,0.559,0.0052
sensor_5,2025-08-06 15:42:26.238561,21.86,5.11,13.48,10.0,170.16,0.002,0.1325
sensor_5,2025-08-07 15:42:26.238561,17.6,4.89,14.35,17.75,200.52,0.146,0.0563
sensor_5,2025-08-08 15:42:26.238561,28.47,4.9,17.82,12.79,193.58,0.95,0.0802
sensor_5,2025-08-09 15:42:26.238561,21.57,4.83,16.73,19.8,266.8,0.567,0.0827
sensor_5,2025-08-10 15:42:26.238561,22.84,4.77,18.53,13.37,180.32,0.598,0.0373
sensor_5,2025-08-11 15:42:26.238561,28.02,5.0,15.38,10.42,141.96,0.223,0.1711
sensor_5,2025-08-12 15:42:26.238561,27.15,5.14,11.67,10.36,175.02,0.424,0.1349
sensor_5,2025-08-13 15:42:26.238561,32.06,5.19,14.81,11.67,10.07,0.199,0.1142
sensor_5,2025-08-14 15:42:26.238561,28.18,4.98,11.15,10.0,173.27,0.258,0.0543
sensor_5,2025-08-15 15:42:26.238561,31.27,5.32,14.84,18.27,65.65,0.55,0.1236
sensor_5,2025-08-16 15:42:26.238561,29.24,4.63,14.87,17.71,177.87,0.124,0.0594
sensor_5,2025-08-17 15:42:26.238561,35.63,5.22,8.73,12.05,38.93,0.234,0.187
sensor_5,2025-08-18 15:42:26.238561,34.03,5.04,11.52,14.9,66.75,0.266,0.0815
sensor_5,2025-08-19 15:42:26.238561,34.3,5.19,11.77,13.44,120.66,0.512,0.1737
sensor_5,2025-08-20 15:42:26.238561,34.85,4.68,11.12,10.0,65.61,0.154,0.1021
sensor_5,2025-08-21 15:42:26.238561,29.7,4.92,12.19,19.06,196.1,0.298,0.1757
sensor_5,2025-08-22 15:42:26.238561,35.71,5.13,9.55,15.04,56.06,0.29,0.1209
sensor_5,2025-08-23 15:42:26.238561,44.45,5.39,8.82,10.0,59.26,0.436,0.2
sensor_5,2025-08-24 15:42:26.238561,27.87,5.29,12.19,10.0,175.7,0.67,0.2255
sensor_5,2025-08-25 15:42:26.238561,47.83,5.06,10.69,11.05,95.13,0.0,0.1732
sensor_5,2025-08-26 15:42:26.238561,49.26,5.09,13.14,10.0,47.81,0.0,0.2183
sensor_5,2025-08-27 15:42:26.238561,37.87,5.03,7.4,16.06,78.66,0.0,0.2259
sensor_5,2025-08-28 15:42:26.238561,58.77,5.11,8.9,27.22,0.0,2.006,0.3118
sensor_5,2025-08-29 15:42:26.238561,54.0,5.16,9.11,10.0,36.33,0.0,0.2492
sensor_5,2025-08-30 15:42:26.238561,45.41,4.89,12.56,11.76,0.0,0.15,0.1849
sensor_5,2025-08-31 15:42:26.238561,40.43,5.17,7.92,23.44,70.96,0.08,0.1474
sensor_5,2025-09-01 15:42:26.238561,49.53,5.22,9.95,14.47,52.33,0.019,0.2139
sensor_5,2025-09-02 15:42:26.238561,40.49,5.28,10.6,12.4,125.95,0.226,0.1504
sensor_5,2025-09-03 15:42:26.238561,56.03,5.2,10.82,14.9,68.02,0.121,0.2935
sensor_5,2025-09-04 15:42:26.238561,43.02,5.09,13.52,13.98,25.85,0.066,0.1251
sensor_5,2025-09-05 15:42:26.238561,42.26,5.12,10.41,18.38,44.2,0.213,0.241
sensor_5,2025-09-06 15:42:26.238561,53.07,5.08,9.66,22.4,106.48,0.012,0.2475
sensor_5,2025-09-07 15:42:26.238561,56.39,5.02,10.37,13.06,0.0,0.31,0.2309
sensor_5,2025-09-08 15:42:26.238561,56.36,5.18,8.5,21.09,0.68,0.617,0.2006
sensor_5,2025-09-09 15:42:26.238561,54.97,5.03,11.73,20.61,29.25,0.456,0.2509
sensor_5,2025-09-10 15:42:26.238561,59.1,5.05,7.94,23.79,37.25,0.388,0.2669
sensor_5,2025-09-11 15:42:26.238561,58.06,4.96,14.71,23.44,77.9,0.0,0.2704
sensor_5,2025-09-12 15:42:26.238561,51.01,5.28,10.42,25.44,77.92,0.0,0.211
sensor_5,2025-09-13 15:42:26.238561,60.0,5.54,11.07,29.31,45.72,0.783,0.2357
sensor_5,2025-09-14 15:42:26.238561,58.83,4.99,6.56,28.92,55.58,0.115,0.2555
sensor_5,2025-09-15 15:42:26.238561,60.0,5.2,12.84,25.28,61.81,0.129,0.2641
sensor_5,2025-09-16 15:42:26.238561,60.0,5.42,12.35,18.12,35.56,1.011,0.3061
sensor_5,2025-09-17 15:42:26.238561,60.0,5.47,12.79,26.57,0.0,0.405,0.2651
sensor_5,2025-09-18 15:42:26.238561,60.0,5.08,12.12,32.1,60.74,0.0,0.332
sensor_5,2025-09-19 15:42:26.238561,56.72,5.02,12.73,33.26,56.42,0.609,0.2513
sensor_5,2025-09-20 15:42:26.238561,59.25,5.12,14.91,35.19,33.2,0.0,0.3411
sensor_5,2025-09-21 15:42:26.238561,53.8,5.2,14.31,29.46,0.0,0.0,0.2812
sensor_5,2025-09-22 15:42:26.238561,57.27,5.74,11.95,32.03,27.38,0.273,0.2901
sensor_5,2025-09-23 15:42:26.238561,60.0,5.16,11.52,28.84,0.0,0.045,0.2588
sensor_5,2025-09-24 15:42:26.238561,56.8,5.5,17.1,37.35,0.0,0.03,0.255
sensor_5,2025-09-25 15:42:26.238561,56.59,5.22,13.7,38.3,24.58,0.262,0.2865
sensor_5,2025-09-26 15:42:26.238561,55.19,5.53,13.42,33.34,65.23,0.0,0.3008
sensor_5,2025-09-27 15:42:26.238561,47.56,5.56,17.11,35.12,0.0,2.502,0.2554
sensor_5,2025-09-28 15:42:26.238561,55.19,5.02,15.45,42.68,78.62,0.0,0.1691
sensor_5,2025-09-29 15:42:26.238561,60.0,5.52,13.4,50.41,51.5,0.528,0.3135
sensor_5,2025-09-30 15:42:26.238561,46.18,5.35,19.06,41.71,34.48,0.147,0.0805
sensor_5,2025-10-01 15:42:26.238561,60.0,5.25,18.35,46.92,100.3,0.322,0.2847
sensor_5,2025-10-02 15:42:26.238561,53.59,5.51,13.99,51.74,6.04,0.576,0.2893
sensor_5,2025-10-03 15:42:26.238561,60.0,5.42,14.63,45.35,76.9,0.25,0.3651
sensor_5,2025-10-04 15:42:26.238561,59.17,5.27,16.94,51.3,0.0,0.702,0.3135
sensor_5,2025-10-05 15:42:26.238561,60.0,5.19,21.42,63.05,0.0,0.431,0.2836
sensor_5,2025-10-06 15:42:26.238561,48.36,5.51,21.0,49.98,96.64,0.0,0.1774
sensor_5,2025-10-07 15:42:26.238561,56.17,5.45,18.29,58.1,71.24,0.457,0.2868
sensor_5,2025-10-08 15:42:26.238561,57.87,5.39,24.22,51.04,134.21,0.21,0.2292
sensor_5,2025-10-09 15:42:26.238561,60.0,5.48,22.19,62.25,63.52,0.022,0.3542
sensor_5,2025-10-10 15:42:26.238561,53.48,5.58,16.56,59.36,24.46,0.696,0.321
sensor_5,2025-10-11 15:42:26.238561,53.92,5.56,19.24,66.21,129.65,0.318,0.373
sensor_5,2025-10-12 15:42:26.238561,49.09,5.37,21.68,61.22,34.24,0.361,0.2614
sensor_5,2025-10-13 15:42:26.238561,46.13,5.58,23.68,60.81,96.11,0.0,0.2702
sensor_5,2025-10-14 15:42:26.238561,44.41,5.35,21.03,56.12,28.08,0.136,0.2572
sensor_5,2025-10-15 15:42:26.238561,47.77,5.29,24.91,57.49,47.65,0.334,0.2432
sensor_5,2025-10-16 15:42:26.238561,53.93,5.61,21.23,73.38,57.77,0.156,0.3352
sensor_5,2025-10-17 15:42:26.238561,48.75,5.6,28.24,61.89,37.29,0.235,0.314
sensor_5,2025-10-18 15:42:26.238561,38.99,5.26,22.38,55.84,33.01,0.351,0.1414
sensor_5,2025-10-19 15:42:26.238561,38.37,5.57,25.56,56.23,82.81,0.445,0.2627
sensor_5,2025-10-20 15:42:26.238561,50.56,5.9,23.39,65.91,33.34,0.201,0.3691
sensor_5,2025-10-21 15:42:26.238561,36.67,5.45,27.1,71.09,35.47,0.456,0.2094
sensor_5,2025-10-22 15:42:26.238561,49.8,5.6,26.64,79.78,73.92,0.215,0.3052
sensor_5,2025-10-23 15:42:26.238561,39.36,5.96,25.16,65.74,16.57,0.529,0.2893
sensor_5,2025-10-24 15:42:26.238561,37.55,5.7,21.99,68.52,68.11,0.712,0.1862
sensor_5,2025-10-25 15:42:26.238561,32.48,5.49,22.52,74.73,111.95,0.296,0.2397
sensor_5,2025-10-26 15:42:26.238561,38.36,5.62,24.69,66.89,0.0,0.279,0.2048
sensor_5,2025-10-27 15:42:26.238561,40.21,5.66,25.18,64.45,52.89,2.221,0.2061
sensor_5,2025-10-28 15:42:26.238561,35.7,5.69,24.2,66.18,59.22,0.0,0.2168
sensor_5,2025-10-29 15:42:26.238561,29.54,5.82,30.42,65.08,221.37,0.0,0.2475
sensor_5,2025-10-30 15:42:26.238561,26.44,5.74,24.09,68.57,158.76,0.447,0.1345
sensor_5,2025-10-31 15:42:26.238561,34.25,5.63,25.68,70.51,19.53,0.263,0.2652
sensor_5,2025-11-01 15:42:26.238561,26.32,5.86,28.95,65.82,141.8,0.291,0.1534
sensor_5,2025-11-02 15:42:26.238561,38.26,5.7,24.38,64.24,93.6,0.029,0.2197
sensor_5,2025-11-03 15:42:26.238561,32.39,5.63,25.91,69.92,77.33,0.377,0.177
sensor_5,2025-11-04 15:42:26.238561,26.62,5.66,23.04,71.27,275.69,0.0,0.1349
sensor_5,2025-11-05 15:42:26.238561,20.62,5.83,26.86,69.12,163.28,0.228,0.0725
sensor_5,2025-11-06 15:42:26.238561,24.37,5.86,23.41,62.13,263.18,0.016,0.2345
sensor_5,2025-11-07 15:42:26.238561,21.55,5.72,26.72,65.21,205.3,0.086,0.0815
sensor_5,2025-11-08 15:42:26.238561,22.68,5.71,25.45,63.37,263.66,0.463,0.2142
sensor_5,2025-11-09 15:42:26.238561,18.13,5.5,29.56,68.86,170.05,0.325,0.1726
sensor_5,2025-11-10 15:42:26.238561,18.21,5.96,27.69,63.48,173.05,0.487,0.0193
sensor_5,2025-11-11 15:42:26.238561,16.25,5.56,24.43,67.01,185.67,0.034,0.0506
sensor_5,2025-11-12 15:42:26.238561,27.13,6.07,22.89,76.02,184.02,0.239,0.2009
sensor_5,2025-11-13 15:42:26.238561,11.04,5.94,25.29,65.29,147.82,0.0,0.0232
sensor_5,2025-11-14 15:42:26.238561,13.09,5.62,24.31,74.03,247.97,0.19,0.0995
sensor_5,2025-11-15 15:42:26.238561,21.12,5.89,23.97,59.52,215.75,0.449,0.1356
sensor_5,2025-11-16 15:42:26.238561,11.87,5.76,24.02,53.64,191.13,0.491,0.0778
sensor_5,2025-11-17 15:42:26.238561,9.39,5.71,24.86,64.39,162.43,0.6,0.1386
sensor_5,2025-11-18 15:42:26.238561,5.0,5.91,24.95,68.03,132.23,0.502,0.0524
sensor_5,2025-11-19 15:42:26.238561,5.0,6.24,24.2,62.19,111.79,0.617,0.0401
sensor_5,2025-11-20 15:42:26.238561,5.0,5.8,26.14,67.25,193.69,0.292,0.044
sensor_5,2025-11-21 15:42:26.238561,5.0,5.87,24.94,67.45,219.76,0.091,0.1151
sensor_5,2025-11-22 15:42:26.238561,5.0,5.7,21.87,62.23,236.41,0.145,0.007
sensor_5,2025-11-23 15:42:26.238561,5.0,5.89,22.72,65.57,240.76,0.022,0.0495
sensor_5,2025-11-24 15:42:26.238561,5.0,5.98,24.91,58.52,190.34,0.64,0.1205
sensor_5,2025-11-25 15:42:26.238561,5.0,5.7,23.01,54.54,154.64,0.096,0.0293
